Age,Previous App Purchases,Price
37,218,6
34,247,6
19,15,4
32,235,7
19,15,2.5
31,252,
26,267,6
29,190,7
25,236,
64,119,
62,124,8
60,119,
31,235,
32,227,
37,261,
27,223,
41,239,
64,121,
29,210,
70,113,
28,246,6
33,258,6
45,212,
22,18,
29,235,
27,263,
30,239,
29,231,6
41,245,
65,120,
65,118,12
31,253,
40,244,
66,121,
27,268,
59,119,
27,262,
32,266,5
27,230,5
29,223,7
28,244,
65,125,
33,223,
21,19,2
28,199,
32,242,6
22,248,
35,221,
30,251,7
31,231,
34,263,6
33,227,
25,217,
33,229,
19,14,2.5
40,212,
19,22,2
31,251,
18,11,
29,215,8
38,257,
29,236,
26,228,
29,240,
23,241,
17,13,
28,234,6
36,246,
33,259,6
34,228,7
64,119,
32,209,
33,283,
16,15,2
27,233,
25,247,
27,236,
32,276,6
22,238,6
32,285,5
32,244,
15,8,
28,223,
35,225,7
21,265,5
20,22,
28,262,6
34,241,6
65,122,12
63,106,12
25,258,
29,214,
62,119,
63,118,
33,266,
31,264,7
35,246,
39,243,7
61,115,
33,277,
26,255,5
31,221,5
60,120,
26,269,
29,229,
20,207,6
64,130,
30,243,
62,117,
16,9,
34,258,
31,240,
20,252,
21,271,
31,242,6
28,223,
30,251,
66,118,
62,125,
35,241,
26,257,
27,208,6
19,251,7
23,247,6
59,122,
31,257,
30,236,
36,233,
71,119,
31,256,6
66,114,
18,22,
69,120,
27,225,5
29,253,
24,287,4
25,265,6
37,245,
18,17,2
21,15,
35,222,7
31,221,
33,199,
61,118,
16,21,
18,23,
26,216,6
40,227,
27,237,
27,241,
17,20,
15,14,
29,285,6
20,9,
15,13,2.5
22,210,
34,267,
65,107,
59,120,
30,234,
30,235,
35,236,
14,13,
65,109,
65,116,
34,256,6
33,237,
25,232,7
26,240,
62,116,11
24,246,
33,257,
27,264,
31,263,
65,127,
20,12,2.5
32,248,
23,237,
36,238,
67,111,
12,13,2
70,109,
38,254,
17,17,
29,256,
31,265,
29,234,
60,119,10
62,114,
33,241,
16,21,
30,224,
59,113,
44,250,
31,237,7
29,236,
59,127,
66,122,
36,246,
67,118,
27,253,
67,117,12
16,10,
16,15,
70,125,
26,218,
36,222,8
39,248,
69,120,
34,223,7
66,124,
66,125,
29,239,6
62,121,12
29,265,
26,254,
35,253,
27,263,
66,120,12
34,239,
31,237,7
38,223,6
38,236,
30,254,
23,224,6
31,192,6
64,122,
31,255,6
22,240,
24,244,
19,8,
63,117,
32,246,
28,216,
17,26,2
36,252,
66,116,12
31,228,5
25,259,
68,123,
30,230,7
36,212,7
69,125,12
61,122,
34,262,
30,245,
28,245,
21,28,2.5
28,240,6
32,256,
32,246,
35,210,
38,248,
31,227,
60,121,
63,110,
25,242,
67,120,
62,113,
39,205,
70,122,
66,121,
32,231,
32,232,6
17,10,
62,120,
16,4,
18,16,2
36,202,
61,127,
29,228,
26,251,6
62,115,
34,197,
36,234,6
29,264,
64,117,
34,229,
30,278,7
33,190,
60,128,
33,273,6
30,242,6
59,118,
68,126,
24,263,6
64,121,
38,203,
25,280,6
35,235,6
64,119,
30,268,
44,205,
22,237,6
29,262,
25,290,6
39,242,
33,265,
27,220,
36,229,
61,112,
37,197,5
62,119,12
18,16,2
68,118,
65,117,12
30,236,
37,261,6
31,242,
27,244,
65,118,
29,234,
17,10,6
42,248,
42,248,
39,226,
28,267,
65,117,12
64,122,
17,15,
41,248,
63,119,12
62,117,12
33,229,6
18,14,2
37,262,
31,235,
16,15,2
20,8,
33,246,
65,117,10
21,16,2
69,117,
32,233,
32,254,6
43,236,
67,120,
31,231,
35,228,
26,227,
24,230,
41,215,6
66,118,
30,260,
24,247,
29,263,
33,230,6
64,120,
25,256,
28,256,6
29,227,7
25,216,
32,246,
31,226,
36,206,6
30,247,
61,119,
31,221,
67,129,
31,269,
33,262,
66,119,12
28,192,6
67,113,12
32,215,
27,223,
27,212,
22,252,
59,116,
35,191,
16,238,
69,120,
66,125,
32,261,
37,265,6
32,201,
65,125,9
16,8,6
65,121,12
65,126,
60,118,
31,224,
35,207,
62,126,12
37,191,
38,218,
35,207,
30,228,6
64,116,
37,247,
34,262,
30,245,
36,214,
25,241,
28,246,6
41,230,
66,119,
25,248,5
18,20,3
29,263,
38,246,
27,228,
30,260,
31,269,6
68,116,
68,114,
68,125,
30,215,6
37,246,
65,115,
29,267,
34,260,
67,123,
67,126,
66,120,
42,287,
63,121,
31,254,
64,125,
15,12,
65,124,
45,222,6
35,236,7
19,23,
16,10,
34,265,7
37,299,6
61,119,
65,121,
42,235,
32,220,
40,244,
31,214,
15,0,
40,253,
24,242,
37,271,
66,118,9
64,124,
31,225,
18,15,
67,118,12
26,228,
36,237,
36,235,
37,236,
30,234,
33,245,6
32,243,
32,240,
17,14,
71,119,
22,249,
61,113,
27,218,6
64,118,
37,230,
29,192,
33,233,6
24,228,6
68,112,12
66,118,
61,111,
32,279,
21,16,3
33,217,
33,262,
16,11,2
31,242,
20,11,
28,225,6
64,122,12
39,234,
63,119,
41,190,
19,15,
23,239,
25,255,
20,10,3
36,227,6
68,123,
28,233,
16,14,
26,246,
68,121,12
31,207,
18,14,2
36,278,
19,6,2
35,220,
29,228,
35,217,6
26,257,
27,240,
67,110,
32,244,
29,212,
31,258,6
62,121,12
38,231,
26,204,
37,257,
35,207,
66,107,
22,21,2
33,246,
16,16,2
30,267,
31,245,
16,18,
14,18,
42,239,
31,252,
25,256,
18,11,
63,114,
25,229,6
41,250,6
27,250,6
68,130,
65,120,
70,114,12
32,243,
17,12,
64,118,
38,261,6
32,240,
35,241,
31,273,
29,240,
33,249,6
21,217,7
32,268,
42,224,7
25,236,
28,245,
17,9,
19,270,
17,14,2
13,10,2
16,8,
65,122,
26,208,7
62,121,
61,126,
34,192,
18,7,
23,210,
37,286,
31,268,
23,264,6
15,12,2.5
40,252,6
33,236,
37,255,
29,211,7
38,263,
29,310,
33,221,5
17,21,
31,253,
34,262,7
32,253,
65,114,
31,258,
33,210,6
64,118,
33,229,
16,23,2
32,276,
35,239,7
62,129,
38,229,6
26,213,
34,208,6
19,13,2
23,230,6
23,264,
66,127,
64,124,
33,219,5
25,233,7
29,277,6
31,249,
38,264,
65,123,
28,258,
28,236,
66,113,
69,119,
24,286,
25,249,6
29,284,
36,256,
30,211,
71,122,12
43,231,
21,248,
29,248,
34,247,
65,111,
60,115,
32,210,
38,229,6
19,15,
24,218,
67,121,
65,124,
19,21,2
64,120,12
33,217,6
37,287,6
30,242,
28,237,6
32,228,
33,250,
26,250,
15,10,2
63,120,12
36,201,
67,121,
37,237,
62,120,
19,13,2
18,13,2
33,196,
30,240,
38,242,6
35,209,
35,235,
40,242,7
32,245,9
37,231,
32,232,
60,117,
61,111,
33,277,7
38,241,
28,267,
59,111,
60,126,
16,17,
23,241,
35,255,
29,250,
19,13,2.5
66,121,
34,251,
27,201,
38,239,
41,224,
25,250,
69,121,
31,233,
34,261,
34,284,
62,127,
35,228,
35,255,
35,253,
32,236,
31,260,
18,23,2
30,249,
68,120,12
24,248,6
18,12,
24,231,
35,244,
25,206,
35,251,7
26,227,6
22,303,6
29,225,
32,225,
41,231,
18,16,
40,262,5
60,110,
31,269,
28,232,
63,111,
24,264,
21,13,
33,222,
30,225,
35,273,
65,124,
29,238,
33,216,6
25,224,
31,239,
34,261,
32,255,
66,114,
65,124,
31,229,
65,121,
22,18,6
40,254,
37,235,
31,219,
66,121,
32,237,6
22,226,
31,236,
19,17,
24,221,6
19,14,
14,17,
63,123,12
71,115,
19,20,2.5
29,230,
22,233,5
29,208,
27,236,
65,121,
31,246,
64,115,
30,234,6
31,260,
44,242,
33,229,
35,240,6
23,223,
15,15,
19,17,2
62,113,
29,213,
64,124,
26,227,
43,226,
33,268,
27,276,
16,15,2
24,262,
19,19,2
31,237,
27,233,
28,249,
31,253,
17,8,2
29,234,
66,129,
17,9,
23,243,
29,237,
68,121,
15,17,
38,247,
33,256,
37,257,6
29,230,
42,251,
34,259,
25,270,
62,117,
31,240,6
36,247,
36,285,
70,119,12
27,234,
32,246,
65,115,
16,17,2
28,251,5
35,267,
40,230,6
34,264,6
64,120,
30,217,
63,124,
23,248,
27,269,
29,225,
34,216,
24,213,6
19,26,2
29,225,
63,120,
28,257,6
33,236,6
20,24,2
38,228,
27,208,6
38,229,
25,229,
65,122,
19,11,
32,270,
18,10,2.5
28,225,
29,195,
61,114,
67,121,
30,254,6
27,265,
34,276,
29,216,
34,234,
65,124,10
15,17,2.5
38,265,
30,225,
65,112,12
69,116,
32,275,
36,251,5
28,196,
42,237,
42,242,
63,125,
32,238,
39,243,
29,263,
26,244,
33,276,
66,113,
19,8,
39,260,7
63,122,
18,14,
68,121,
24,247,6
33,233,6
30,235,
26,254,
25,219,6
34,277,
29,227,6
31,226,
26,232,
66,117,
24,219,
17,14,
70,124,12
25,245,
28,277,
30,247,
29,234,
21,9,6
28,206,
65,115,12
38,221,6
25,261,6
33,249,
60,124,
18,23,3
18,19,
62,114,
30,216,
25,250,
39,292,
66,119,
36,216,
38,218,
29,260,
16,14,
30,265,
25,236,
18,20,2
34,229,
17,12,2
15,14,3
26,237,
31,202,6
20,231,
34,253,
29,241,
42,277,
67,109,12
63,122,12
65,124,
26,218,
64,116,8
23,280,
35,266,7
23,226,7
28,245,7
34,229,
32,245,
22,218,
62,112,
65,122,
31,219,
26,213,
34,256,7
34,221,6
24,269,
34,234,
66,125,
72,127,
29,200,6
62,132,
30,248,
30,198,
17,11,2
16,18,2.5
22,230,
31,249,6
27,247,
27,241,7
43,220,
61,119,
64,118,
26,218,7
30,265,
25,227,7
33,244,
34,254,
38,242,7
31,273,7
63,118,12
63,125,
38,241,
64,126,12
23,220,
20,224,7
65,127,
63,123,12
29,199,
31,245,7
29,276,
29,238,7
25,214,6
33,297,
30,222,6
42,242,
62,120,11
38,228,
68,121,
35,235,
31,243,5
26,265,
34,266,
61,128,
33,202,
62,120,
66,124,
16,11,2.5
30,233,
29,216,
25,232,6
27,225,
19,12,2
24,226,
34,249,
29,273,
65,119,
28,233,
40,262,6
17,17,
32,233,
42,244,
31,263,
59,116,
29,233,6
34,201,
66,117,9
32,259,
25,188,
64,125,
32,296,
24,267,
20,11,3
43,240,
43,239,
18,22,
28,218,
32,251,6
32,246,
64,118,12
33,249,
41,234,
22,14,4
36,194,
31,235,
68,125,
67,127,
42,249,
67,121,
29,230,6
67,119,
21,259,
59,126,
35,250,
35,246,6
34,239,
19,15,2
35,183,
66,124,
22,243,6
26,219,
66,129,12
65,115,
32,266,
18,13,
26,224,6
15,12,2.5
64,112,
34,253,
30,212,6
65,116,12
18,19,2
61,123,
15,12,
40,259,
67,120,12
34,251,
37,232,6
62,115,
35,246,
62,115,
36,219,
32,257,
66,124,
33,207,
32,225,5
28,219,6
34,231,
29,229,
67,111,
42,275,
17,16,2
25,260,
29,227,6
14,13,
35,264,
16,18,
32,233,
28,253,7
30,227,
25,229,
16,11,3
26,246,
29,260,6
65,117,
34,246,
30,257,
15,16,2
33,239,
29,193,7
36,232,
33,271,
63,119,
64,124,
40,253,
19,12,4
29,222,
27,215,
34,225,
27,245,
15,19,2
63,110,
15,13,
30,223,
34,246,
34,223,5
32,268,
32,238,5
26,275,
26,235,6
28,236,
22,271,6
36,234,
28,222,
30,261,
31,214,
21,259,
63,116,11
35,217,7
34,243,
29,246,
28,240,
38,225,
28,236,
29,225,
27,238,5
24,294,
69,120,
63,118,12
35,184,
31,252,5
36,284,7
71,117,
64,126,
64,128,12
29,217,
35,231,
65,115,12
17,17,
29,241,
27,211,
30,228,
28,263,
27,214,
41,214,
24,238,
33,245,
35,218,
27,264,
29,214,
17,20,2.5
62,124,
36,250,6
36,251,6
30,244,
24,222,
34,235,
28,238,6
26,233,
58,118,
66,119,12
15,17,2
36,242,5
28,240,6
64,122,
68,122,
38,228,
60,114,12
28,266,
18,22,
20,272,5
33,261,6
34,289,
30,248,
31,233,
37,254,6
34,238,
69,134,
33,217,
28,248,
39,243,
35,216,6
20,18,
37,264,10
32,242,
18,14,2.5
63,116,
18,15,2
64,113,
25,206,
62,123,
41,211,6
16,14,2.5
33,256,
29,249,7
37,241,
34,221,7
63,122,
28,206,6
37,207,
16,13,
19,10,
33,227,
29,252,7
22,239,
67,120,
29,214,
18,9,
30,241,
31,185,7
29,208,6
64,121,
16,17,
27,264,
17,9,
65,121,
15,10,
25,207,
66,123,12
36,201,5
29,280,
24,235,
69,117,
35,265,5
32,246,
22,263,
29,230,6
35,266,
23,263,
20,221,
29,262,6
66,120,
19,21,
15,15,2
30,209,6
64,118,12
47,224,6
30,221,
31,205,6
29,222,
29,209,6
35,216,
35,281,6
65,116,12
32,230,
28,228,
27,248,
35,251,
65,123,
66,117,
34,233,
30,218,
33,235,6
22,232,7
17,23,2.5
18,10,2
33,215,7
19,18,2.5
64,114,
29,226,
35,292,
37,220,
27,205,
38,277,
16,6,
18,10,
36,228,7
30,204,
37,238,
66,122,
18,28,
63,114,12
64,118,
36,229,6
32,230,
35,244,
38,216,
34,254,
67,125,
25,219,
63,121,
35,240,
28,252,
28,246,
19,16,2.5
40,248,
29,245,
66,113,
43,227,
29,227,
24,260,
68,120,
30,236,
23,214,
25,233,7
21,242,
19,12,
35,226,6
20,11,
33,260,
30,234,
24,238,6
61,123,
37,224,
63,123,12
21,14,2.5
27,245,5
38,246,
37,264,
36,213,6
21,231,
66,121,
31,223,7
62,122,12
58,108,
28,233,5
67,120,10
64,119,10
37,254,6
21,250,
21,290,
72,119,
20,19,3
16,15,
32,236,
31,258,
67,112,
36,254,
33,236,
27,214,
26,230,
30,216,4
27,249,
43,236,5
26,221,
31,229,
26,261,
33,209,
64,124,12
60,119,10
65,123,
31,257,
31,249,
36,246,
17,13,
36,223,6
27,223,6
66,124,
28,237,
34,237,
14,18,
28,211,
67,125,
29,239,
27,217,
66,128,12
38,226,
37,254,6
63,110,
37,226,
28,205,6
17,12,
32,237,
25,249,
22,241,
63,117,
27,257,
26,247,7
20,18,4
66,123,
66,110,9
61,115,
35,215,6
32,233,
18,11,
42,187,6
31,241,
34,247,
23,263,
19,250,
46,244,6
65,123,
35,217,
28,240,
30,261,
45,242,
17,14,2
22,274,
32,288,
25,223,
36,192,
22,247,
31,263,
18,20,
32,221,
31,271,
32,275,
27,259,6
42,260,
24,261,
16,14,
62,117,
22,200,6
35,223,
32,213,
68,119,
64,122,12
64,119,
29,259,
28,276,6
65,122,
66,123,
18,22,
70,115,10
27,256,6
64,123,
66,126,
41,219,
65,119,
31,228,6
31,214,
37,222,
26,275,7
66,122,
16,21,
25,248,
30,187,
35,249,
35,231,6
34,176,
16,13,2
31,243,7
65,119,12
20,244,
17,22,
37,266,
38,254,
28,218,
17,19,
64,118,
31,238,7
38,235,
31,260,
33,247,
26,257,7
32,234,6
25,213,7
33,256,6
39,243,
70,119,
32,233,
64,121,
36,219,
17,18,
37,232,
27,248,
38,272,
16,20,2
63,122,
33,239,
36,238,
30,192,
22,214,
26,205,
24,226,
31,241,
23,234,
33,247,6
15,234,
26,211,
28,242,
67,121,
61,125,
31,245,
39,249,
31,262,6
31,232,6
37,208,
62,116,
41,250,
25,214,6
30,210,
27,245,5
63,127,
65,129,
32,269,
65,117,12
26,243,
59,121,10
32,235,
42,247,6
19,19,2
68,116,12
70,121,
67,127,
63,120,
31,243,
43,198,
26,262,
67,112,
64,124,12
67,124,
35,239,6
31,252,7
34,250,
30,210,
64,114,
36,237,
63,118,9
35,222,
34,241,
27,238,
35,275,
25,250,
18,12,4
60,120,
33,245,6
37,252,
32,208,7
31,243,
65,112,
18,22,
20,234,
17,15,2
64,118,12
17,7,3
68,129,
32,246,
65,117,12
23,204,
36,213,
66,119,12
67,116,
30,224,9
38,237,
65,124,
34,261,6
33,202,
40,231,
32,238,
31,281,
22,19,
71,123,12
65,127,
28,240,
44,246,
25,235,
27,223,
28,269,
31,250,
40,246,6
36,276,6
66,118,
16,13,
32,202,
19,15,
28,225,
36,209,6
66,115,
37,267,
67,126,12
33,224,
35,238,6
61,119,
35,236,
34,221,6
28,184,
35,220,5
32,260,
20,19,2
62,120,
30,270,
28,256,7
61,118,
28,241,
29,254,6
29,257,7
29,218,
19,9,
26,265,
36,241,
66,124,
36,253,
21,6,
35,244,6
39,233,
18,15,2.5
61,120,
30,210,
33,257,
65,118,
25,258,
33,246,7
22,256,6
65,120,
34,248,6
61,115,
29,251,
27,229,
19,11,
31,258,
26,244,
27,242,6
65,118,
33,261,
30,251,
24,230,6
19,12,2
21,221,6
27,195,
28,231,6
18,14,
21,224,
20,10,
30,252,
35,255,
39,256,
29,206,
17,23,2.5
45,263,
23,262,
30,243,4
32,233,6
35,266,
24,222,
18,13,
17,213,
30,219,
25,231,
62,126,
36,243,
19,10,2
32,223,7
19,19,
37,232,6
27,272,
25,225,
13,21,
29,233,6
68,107,
36,230,
35,196,
34,218,
26,207,
64,124,
15,12,
37,253,7
66,112,
20,211,
17,203,
28,219,
28,222,7
31,260,
28,247,
24,202,
23,242,4
30,205,
32,242,
17,14,2
40,243,
32,242,6
29,225,
41,272,
18,14,
28,237,6
30,227,7
24,205,5
36,252,
30,245,6
35,227,6
27,209,
35,229,
28,238,
21,228,
60,114,
30,254,
65,114,
31,254,
39,234,
32,231,
25,240,7
62,117,
27,203,6
25,251,
62,131,12
18,15,2
32,267,
29,226,
24,256,
39,238,
67,123,
29,244,
35,250,
29,240,
34,215,
36,245,6
31,222,
69,121,
15,10,
35,222,6
28,262,5
32,192,
30,214,
66,120,12
28,258,6
27,233,
27,190,
36,263,
24,233,
28,253,
31,203,
39,191,
65,119,
30,266,
15,20,
15,10,2.5
32,256,
34,187,
30,214,
17,23,
32,257,
64,117,12
29,217,6
65,119,
33,226,
17,17,
65,119,
62,114,
65,112,
41,215,7
32,272,
64,114,
17,17,2
27,246,
34,216,5
21,11,2
63,115,
24,244,
63,116,
39,256,
25,191,
16,17,
37,204,6
36,228,
37,248,
28,215,
63,109,
61,121,
31,241,
34,214,5
62,122,12
42,239,
27,239,6
31,243,
64,121,
34,239,
36,223,5
31,232,
34,251,
32,236,
16,20,
23,243,5
38,204,6
23,16,
33,251,
18,14,
32,232,
60,114,
16,12,2.5
34,202,6
31,223,
36,273,
60,119,
35,204,
38,246,6
63,111,
37,228,6
35,255,
39,231,5
64,121,
27,238,
30,267,
32,237,
63,119,12
36,268,
66,119,
18,8,
66,118,
37,204,
26,232,
67,113,
36,236,
28,232,6
36,201,6
30,268,
25,243,
18,8,
24,264,6
67,116,
24,253,6
41,249,
27,243,
29,258,
27,273,
66,118,
33,250,8
38,232,6
35,242,7
60,126,
36,254,5
28,251,6
64,116,
35,220,
34,239,
32,227,5
16,17,2.5
32,284,
37,199,
33,273,
17,22,
34,220,
36,243,
61,117,
66,120,
65,119,
31,236,7
19,17,
26,245,
29,232,
64,123,
65,115,
67,122,
35,230,
66,126,
63,125,
33,227,6
62,126,
38,241,
28,257,6
25,254,
63,120,8
29,222,
17,8,3
66,124,
29,249,5
28,232,
64,114,9
18,7,
35,248,
29,259,
41,246,6
31,239,
33,232,
24,269,
28,258,6
18,23,
32,250,
66,128,
18,5,
35,220,6
19,237,
35,258,
43,247,
32,225,
58,118,
37,203,
32,286,
26,242,6
27,237,6
24,248,
33,249,
38,257,
64,122,10
31,267,
67,117,12
29,220,
22,20,
62,112,
25,232,
18,7,
28,234,
26,235,8
37,225,
34,251,
32,229,7
22,238,
45,276,
19,18,
22,287,
32,279,
23,241,
32,253,
31,235,
34,247,
29,269,
32,265,
28,244,6
34,215,
34,249,6
63,121,
24,217,
28,223,6
64,111,
28,252,
69,120,
33,256,
33,237,
37,255,6
19,15,2
30,235,6
36,257,5
63,119,
41,215,
38,252,7
34,224,
32,277,6
30,211,
62,126,
18,17,3
62,125,12
30,206,
34,244,
17,22,
32,254,6
23,212,
33,236,
16,16,2
64,121,
29,202,7
16,17,
29,260,7
41,224,
40,204,
30,259,
31,267,
34,193,
35,231,4
30,233,7
61,108,
63,122,12
62,117,
38,233,
30,235,
33,259,6
16,7,3
31,220,
30,243,
35,235,6
71,117,
28,244,7
28,208,7
24,254,
41,300,6
33,229,
22,240,
32,212,6
13,14,
66,121,
32,264,
33,244,
34,242,
30,260,
38,204,
64,128,12
13,7,
28,265,
22,244,6
36,222,
32,289,
15,19,
39,274,6
60,126,
28,220,
17,22,
67,122,
20,239,4
33,234,
32,216,
27,228,6
31,274,
27,207,
16,12,2.5
30,245,
66,124,12
18,18,
34,215,6
17,15,2
29,236,
36,208,
34,261,6
31,260,
23,240,
28,230,5
33,212,
30,264,6
32,213,
39,242,
64,118,
19,14,
30,250,
31,244,6
68,112,12
36,268,
15,11,
20,232,7
32,231,
33,238,
34,221,
61,117,
23,250,
26,238,7
24,239,6
21,236,7
42,219,
31,259,
28,262,
31,230,
35,256,
19,20,
28,256,
30,229,
33,238,
39,253,
68,114,12
26,234,
36,246,
32,267,6
17,22,
64,122,12
28,225,6
69,117,
64,118,12
24,234,
22,249,
36,223,7
26,211,
24,252,
28,232,
18,13,2.5
39,239,
31,227,
36,249,6
33,267,6
32,242,
30,217,
24,225,
64,119,
28,244,
27,250,5
33,246,
32,293,7
29,231,
26,251,
65,129,
28,227,
32,254,
27,246,
23,253,
68,123,
28,227,
61,117,
35,240,6
66,107,12
64,113,
31,246,
31,246,
17,13,2.5
33,236,
39,257,
61,114,
31,222,4
62,123,12
31,251,
25,273,
33,252,
24,226,
33,198,
25,203,6
36,240,
16,17,
18,6,2
63,124,
30,208,
16,18,
35,228,6
38,244,
30,265,
17,13,
67,116,
31,244,
15,17,
19,12,2.5
28,241,6
21,20,
34,237,
59,123,
40,243,
22,245,6
70,118,
25,237,
17,18,2
20,10,
35,249,
18,9,
69,121,
29,228,
33,259,6
24,273,
33,202,
34,220,
30,220,
29,230,7
18,13,
68,121,
40,263,
63,130,
62,128,12
30,202,
26,261,7
27,231,
29,212,6
26,249,
25,243,
26,220,
61,125,
19,10,
38,235,6
64,120,
36,211,
30,223,
66,110,12
65,120,
18,14,
62,118,
34,242,
67,122,9
14,10,
39,247,
36,217,
66,118,
28,219,6
62,130,
31,263,
27,243,
64,119,
32,235,
59,130,
41,248,6
32,238,
17,20,2.5
16,13,
18,20,2
30,233,
30,263,
28,277,6
20,19,
31,234,
37,226,6
19,10,
20,265,
28,229,
31,253,8
18,14,
22,219,6
27,281,
23,253,5
37,242,
31,220,
38,226,
16,8,2
25,234,
32,244,7
17,20,
32,221,
30,258,
17,14,
67,124,
40,266,
27,213,
38,233,
38,225,
64,113,
71,117,
28,241,
35,222,
15,10,2
38,272,
17,13,
17,16,2.5
41,264,
65,119,
38,253,
66,123,12
35,242,
31,240,
27,279,
32,225,
31,236,
38,236,
27,223,6
43,258,6
19,18,2
33,264,
69,123,
30,211,
26,228,
34,261,6
33,229,
31,235,6
22,10,2
30,255,
25,282,7
23,244,6
31,249,
35,255,
29,196,
33,212,7
20,19,
17,20,2
17,5,
34,277,6
16,11,3
22,250,
68,118,12
19,20,
33,268,7
43,222,
41,269,
36,250,6
64,115,12
17,17,2
65,113,
27,253,
38,245,
28,200,
30,271,
66,124,
23,218,
30,205,6
64,120,
35,257,
37,234,
66,124,
32,250,6
67,123,
65,125,
20,22,2
38,266,
29,245,6
67,127,12
24,242,
35,250,4
34,198,6
28,209,
24,228,
34,226,
41,238,
37,236,
39,231,6
63,118,12
23,246,7
33,210,
34,272,
17,21,
24,259,
25,258,5
65,117,
18,210,
31,250,6
63,114,
64,114,
29,257,
64,123,
36,235,6
29,219,6
30,226,
28,211,
32,224,
25,247,
32,239,
32,277,7
28,213,
62,113,
31,233,
20,17,4
28,222,
39,245,
70,124,
24,238,6
33,237,5
30,258,
41,255,
24,212,
37,256,
48,226,
60,126,
29,197,
22,261,5
35,231,
38,194,
33,252,
16,22,
19,13,
37,217,6
21,16,2
18,16,2
16,16,2
39,288,
28,262,
30,268,6
26,250,
63,124,
67,127,
60,123,
33,225,7
61,126,
24,248,
35,234,10
29,218,
34,240,10
61,115,
63,122,10
15,21,
35,249,
32,250,6
36,205,8
31,244,6
22,228,
27,288,
61,117,
38,250,
26,275,7
29,252,
29,263,
62,127,
38,221,
32,274,6
16,23,
34,206,
30,209,
31,225,
29,269,5
65,125,
26,242,
18,6,
37,205,
18,18,
64,110,12
40,213,6
67,124,
28,252,6
26,272,
26,245,
25,222,
30,249,
29,238,7
32,211,
24,187,
16,14,
23,237,7
66,119,
66,115,
31,237,7
27,208,
65,121,
28,245,6
34,270,6
19,23,
68,123,12
69,117,12
30,207,
27,215,
29,272,6
35,244,
41,271,6
32,229,
31,182,6
37,220,
16,10,3
67,117,12
16,217,
34,207,
31,231,
29,238,
15,19,2
15,21,2
36,248,
30,263,
37,258,
23,242,
70,114,
31,260,
16,15,
36,275,7
26,234,5
36,224,
18,5,8
34,271,5
31,219,
28,225,4
26,231,
23,252,
36,248,
34,224,
17,9,
65,123,9
28,237,6
62,122,
32,225,
29,241,6
21,18,2.5
34,233,
30,277,
67,126,
29,280,
17,18,2
34,234,
34,242,6
35,274,
21,280,7
31,241,
62,127,12
33,228,
37,250,5
35,215,
27,235,
65,119,
26,239,
33,252,7
36,225,
36,221,
24,214,
70,117,
31,244,
31,237,
33,228,
26,246,
61,127,
32,269,
36,217,
34,237,6
33,211,
28,256,
34,232,6
66,123,
26,245,7
30,226,
19,15,
26,243,6
39,252,
39,214,
60,121,
32,228,
16,17,2
26,269,
28,234,6
27,260,
18,15,3
38,222,
18,9,
25,246,
19,11,
67,121,
27,274,7
20,12,
66,116,12
28,271,
26,234,
34,250,
33,223,
23,238,
31,276,
44,269,
17,15,2
21,10,8
33,296,
63,128,12
31,224,
44,266,
33,247,6
15,12,
29,228,
35,254,
33,242,6
17,15,2
37,237,6
33,240,
33,227,
34,213,
31,253,
37,234,
32,196,
31,250,
60,116,
16,18,2
14,16,
31,248,
66,123,
17,21,
27,232,6
42,267,6
28,258,
18,13,2
32,224,
29,222,
31,222,6
61,119,
66,126,
15,19,
34,221,
18,19,4
64,113,12
29,245,
34,237,
26,226,
20,219,
34,256,
62,122,
26,216,6
39,234,
31,244,
65,126,
27,232,
18,22,2
29,250,6
32,241,
23,218,
26,218,
64,121,
64,122,12
38,213,5
29,271,
40,231,
33,233,
33,260,6
40,212,6
32,283,6
29,242,5
26,224,
61,117,
29,235,
60,119,12
66,110,
67,119,
28,249,
40,262,6
63,115,
59,124,
32,249,7
65,120,
44,238,7
25,256,
36,233,
41,283,6
27,262,
41,226,
35,233,
33,225,5
36,230,
30,236,
27,238,
34,238,
26,225,
19,8,
29,224,6
36,232,6
63,108,12
30,248,7
64,125,
67,114,12
24,243,
39,266,
63,121,
32,269,
19,14,
35,246,
33,259,7
37,236,7
38,236,
25,234,
37,196,
32,241,6
64,125,
28,264,
28,259,
67,122,
33,216,
28,255,
69,116,
35,249,
64,120,
30,265,
36,189,
19,17,
67,117,12
28,266,6
32,241,
20,4,2
19,19,
24,273,
34,231,6
36,238,
36,255,
64,112,
30,276,7
31,225,
68,116,
21,15,
38,258,
20,13,
36,247,
29,281,
32,266,
32,247,
33,231,
33,226,
46,225,6
16,10,2
62,125,12
30,258,
67,114,
64,128,12
29,241,
27,250,
68,116,12
27,241,
37,240,
14,12,2.5
65,118,12
67,114,
37,210,
61,124,
30,248,
28,232,6
64,120,
32,259,
37,224,
69,132,
67,122,
67,123,
30,227,6
29,268,6
66,117,
32,203,
19,250,
36,227,
67,122,
72,110,
35,229,
65,107,
21,233,6
66,127,12
30,240,
29,220,
35,249,6
33,262,
32,202,
67,112,12
31,261,
24,244,
38,214,
64,120,
59,122,
63,122,
39,213,
16,246,
14,21,
33,226,
59,122,
36,223,
27,255,
31,244,
30,253,
37,256,
69,121,
45,210,
18,18,
32,243,
28,216,
29,243,5
34,252,
27,245,
26,241,6
27,204,
27,225,7
32,206,
29,241,
31,230,
29,245,
31,239,
34,212,
32,251,5
19,244,
30,205,
71,111,
66,118,
13,15,2
33,224,
32,223,
64,126,9
34,216,
63,130,12
30,194,
21,243,
18,10,2
29,237,7
26,276,6
36,232,6
15,10,3
31,252,
29,229,6
19,265,
60,121,12
64,121,12
23,235,
16,10,2
27,254,5
67,119,
69,121,
69,117,
21,11,3
18,17,
65,120,12
34,253,
34,256,
23,232,
56,124,
31,220,
63,117,12
38,234,
68,113,
29,250,8
20,29,
24,239,7
64,118,
33,268,
18,11,
26,249,6
25,245,7
61,125,
60,121,
30,222,
30,270,
32,264,
34,234,
25,227,6
45,253,
33,239,
66,118,
34,227,6
33,249,
29,244,
40,220,
63,122,
35,276,
19,13,2
29,246,4
19,12,
33,236,
38,254,
36,254,7
67,114,12
32,232,
63,117,
36,265,
30,293,6
30,230,
35,265,
16,10,2
30,232,
43,253,7
28,264,
15,13,
29,184,
23,247,6
32,263,
65,120,
41,279,6
66,119,
25,223,
67,120,
28,225,
63,121,
37,256,
28,191,
33,231,6
60,119,12
29,247,
37,224,7
34,226,
37,235,7
43,253,6
60,118,
23,218,
33,255,
36,211,
33,234,
65,112,
18,16,
66,121,
30,228,
57,127,
33,263,
65,118,
29,253,
64,126,
64,131,12
30,243,
35,249,
38,236,
23,216,
40,255,
16,17,
44,250,
29,267,
36,241,
16,13,2
19,232,
30,239,6
25,242,6
30,255,6
26,238,7
34,256,6
33,208,6
20,14,
17,10,
20,10,2.5
29,269,
27,243,
29,247,
64,112,
29,245,
64,118,
64,124,
24,231,6
66,124,12
36,226,
31,251,
66,118,
40,230,
67,122,12
34,249,
35,250,6
34,232,
28,239,
30,272,
28,201,
42,247,
28,223,6
27,199,
31,243,7
66,114,
34,235,6
33,257,6
67,123,
25,238,
25,259,
29,240,
31,229,
36,206,
35,233,6
65,118,12
17,14,
69,121,
23,17,
65,115,
64,113,
62,121,
62,120,
37,254,
27,257,7
31,265,
58,112,
27,279,6
64,122,
22,235,
28,244,
30,225,
65,121,
15,12,2.5
36,253,
32,254,
12,15,
38,238,
30,250,
44,263,
19,15,
64,124,
35,213,7
63,113,
35,252,7
32,206,
37,223,
42,204,7
29,244,
22,213,
24,233,6
64,121,
29,185,
64,117,
33,234,
35,289,
67,126,
28,257,
18,12,
62,127,12
29,278,6
68,124,
24,200,
35,219,
34,250,
23,242,
69,117,
36,257,6
30,230,
36,249,
28,231,
26,228,
26,212,7
27,243,6
32,218,
21,214,
34,222,
62,122,
26,196,
27,262,
61,122,12
25,246,
17,17,
16,16,
68,114,
64,124,
28,250,
16,19,2
23,250,6
31,200,
36,232,
18,244,
30,207,
65,122,
39,254,
25,183,
20,15,
32,231,
28,203,6
35,215,
18,7,2
19,15,2
35,271,
30,222,
38,267,
19,9,
25,281,
34,200,
37,211,
35,226,
29,194,7
31,252,
67,115,12
60,116,
15,13,2
18,15,
63,133,
29,206,6
35,256,
27,225,
72,107,
25,235,6
63,127,
40,237,
31,271,
29,270,
33,217,6
23,256,
15,12,2.5
67,119,
36,248,
30,204,
26,230,
30,248,
26,257,
63,121,
33,237,
18,16,2
33,217,6
31,295,
30,240,
31,247,6
32,242,6
30,245,6
67,117,12
37,247,6
15,7,
66,122,
19,9,2
31,233,
43,240,
23,242,
30,233,
25,240,
18,18,2.5
39,263,
18,11,
33,265,6
33,238,
33,260,7
65,131,
18,17,3
29,259,
29,240,
37,220,
27,213,6
31,246,6
26,244,
30,212,
29,236,
67,121,
34,227,
59,112,
17,13,
31,235,
18,12,2
30,249,
62,118,
28,239,
33,242,
25,225,
34,206,6
17,19,2
36,228,6
32,191,
27,263,
33,286,
25,194,
65,116,
26,234,
23,261,
31,200,
65,120,
31,249,6
59,123,
21,233,
17,7,
25,231,
42,208,
67,116,12
33,218,
31,211,
58,120,
36,237,5
27,231,
32,238,
15,19,
23,292,
62,126,
18,18,
33,239,
64,120,12
29,240,6
15,27,2
17,17,
13,22,2.5
26,199,
18,17,
30,237,
41,232,
31,247,
29,247,
36,211,
35,229,
26,237,
65,115,
41,260,
63,112,12
14,20,2
32,224,6
32,219,
41,253,
64,117,
27,201,
25,237,
33,251,7
28,248,
66,126,
31,251,
32,237,6
32,241,
17,14,
66,119,
64,118,
20,240,
16,14,2
30,211,
38,247,
28,253,
27,223,
36,249,
23,250,
63,121,12
22,241,
28,218,
25,214,
66,116,12
33,248,
29,220,
38,303,
45,245,
36,243,6
34,216,6
28,245,
16,22,2.5
31,257,
39,242,6
19,205,7
17,20,2.5
30,260,
59,124,
21,247,
29,255,6
42,240,5
64,124,
33,235,
63,126,
34,245,
32,204,
28,241,6
64,115,
27,267,6
18,14,
65,122,
32,253,
18,16,2.5
39,239,
38,236,
19,12,
29,272,6
34,235,
32,231,
25,244,5
29,255,6
28,244,
18,15,2.5
34,222,
20,12,
17,11,
31,217,
18,19,
66,125,
16,228,
32,243,
24,215,
25,262,
43,201,
33,240,7
66,122,12
31,265,
34,227,
33,178,
62,111,9
35,224,
32,223,
61,114,
36,253,
38,253,
37,237,6
60,128,12
20,264,
32,257,5
31,274,
30,188,
28,276,
16,12,
33,254,
34,259,
23,226,6
27,238,
22,17,
40,229,
17,9,2
17,21,6
40,247,
35,253,
63,117,11
30,223,
36,252,6
40,214,
32,207,
29,237,
17,12,2
18,15,
66,118,12
17,9,2
30,218,
63,115,
35,246,
28,227,
30,258,
65,112,
27,236,
24,225,
32,261,
27,190,
65,121,12
28,236,
32,243,
32,248,
31,246,
33,198,6
41,253,
30,207,
17,18,
21,8,2.5
35,229,
61,119,
32,232,
16,11,
69,123,
28,264,
17,14,2
66,116,12
37,234,
63,116,
66,126,
34,213,
40,212,6
32,264,
35,229,7
64,123,
33,273,6
21,10,
47,244,
24,242,
32,259,
16,20,
30,242,4
32,238,8
29,234,
17,271,
22,270,
31,250,7
23,271,
61,121,
69,120,
31,252,
32,216,
67,120,
67,115,12
40,185,
68,118,
26,213,7
37,270,
62,113,
30,249,
39,265,
31,221,
35,212,
65,128,
35,248,6
66,124,9
20,17,
36,228,6
18,16,
24,233,
31,259,
38,218,
36,244,
67,118,
59,130,11
28,207,
64,117,
27,264,
20,244,
39,222,
64,121,
31,248,6
32,223,
71,128,
18,4,
28,241,
14,17,3
26,216,
31,236,
37,227,7
32,240,5
30,277,
35,263,6
30,237,
34,225,8
36,295,6
27,262,
65,110,12
31,234,
65,121,
40,228,
36,235,
28,248,6
29,237,6
17,266,6
33,229,
22,224,
37,251,
30,235,6
19,18,2.5
20,8,2.5
24,257,
34,265,
39,230,5
19,10,
29,239,6
33,262,6
29,258,6
17,9,2.5
31,234,
15,15,2
35,217,
16,11,
30,215,
26,287,5
26,253,
32,230,
30,266,5
29,223,
27,216,6
62,123,
65,118,
29,249,
31,266,
31,217,6
45,231,
36,239,
64,111,12
67,106,
13,11,2
28,187,
36,234,
17,7,3
35,244,
31,234,
33,204,
40,246,
31,232,
61,122,
37,290,6
25,255,
65,124,
63,119,12
31,253,7
25,249,7
31,258,
38,280,
24,251,
40,219,6
20,21,2
27,225,
34,241,6
66,117,
32,278,
63,128,
14,23,3
14,10,2
18,14,2.5
62,120,
29,229,6
27,204,5
32,230,
28,239,
33,285,5
32,209,
66,123,
34,220,
23,236,
58,120,
27,236,
35,248,
64,117,
25,239,
42,208,
32,244,
24,2,
66,116,
67,125,
28,203,
21,13,2
68,116,
23,234,7
37,267,
19,14,2.5
17,16,
68,116,
37,233,
22,207,7
65,120,
23,223,5
32,247,
15,8,2.5
32,213,
18,215,
19,11,
63,114,
36,254,
35,246,
63,113,
35,238,
33,195,5
32,240,
27,245,
26,198,
30,230,6
17,22,
33,246,
31,247,
64,122,12
23,296,7
31,258,5
18,9,4
64,116,
33,282,
44,212,
34,245,6
65,122,12
34,222,
19,19,2
65,130,
38,252,
68,122,
63,117,12
23,253,7
27,260,6
39,253,6
63,117,
38,218,
39,231,
36,254,
19,13,
37,243,
34,177,
34,248,
38,245,
32,268,6
32,237,
33,208,6
66,114,
32,259,6
25,248,
29,214,
20,17,2
68,119,
36,226,
65,119,
18,21,
27,248,
30,239,6
18,13,2.5
19,15,2
29,235,
32,251,
23,236,5
21,247,
25,254,
33,259,
29,250,
32,225,
61,115,12
24,214,7
36,262,6
63,123,12
26,250,6
27,235,
45,229,6
39,242,6
34,253,
32,239,
29,264,6
34,249,
17,18,2
16,20,3
39,223,
65,123,
64,115,
28,242,
35,213,
67,127,
63,119,
16,16,
34,264,
58,114,
25,231,
20,22,
68,117,12
62,122,
66,113,
29,261,
32,214,6
37,225,7
69,119,
34,202,
68,116,
60,124,
63,127,
28,240,
36,218,6
37,201,
32,229,
42,272,6
15,9,2
34,220,6
25,257,6
17,10,2.5
16,18,
15,14,
35,240,
34,230,6
22,259,
29,243,
21,239,
45,264,6
65,115,
38,274,
62,106,
61,120,
35,233,6
27,247,
44,234,
31,250,
18,19,
37,304,
66,116,9
32,259,
28,262,
18,18,2
35,222,
35,220,
22,219,5
29,262,
34,215,
28,246,
33,237,
29,279,
18,11,
32,280,
15,2,2
31,254,
34,259,
32,209,6
65,113,12
38,242,
14,9,
19,232,
19,20,
28,233,
36,234,
17,10,2
35,271,
59,121,
64,114,
26,267,6
64,122,
26,234,7
15,23,
67,122,12
39,245,6
29,222,
68,120,
22,245,
24,239,
35,257,
38,264,
36,245,
24,226,
23,273,
33,221,
27,268,
50,217,6
30,261,
38,253,
31,259,6
60,122,
69,121,
31,268,
33,239,
67,114,12
64,121,
31,232,6
70,123,
28,217,6
35,256,5
36,237,
32,280,
36,234,
23,209,6
30,233,
30,253,
23,251,
28,222,6
66,116,
66,123,
41,249,
28,222,
31,206,
63,112,
21,224,
30,269,6
17,13,
31,249,
35,289,
34,239,7
19,13,
27,259,
19,15,
30,218,7
33,228,
66,123,
20,22,
24,245,
26,257,
33,244,
24,230,6
19,21,
24,243,
62,125,
35,276,
31,235,6
29,194,6
32,224,
36,258,
30,268,7
30,278,
35,250,
30,236,6
19,12,2
33,246,
69,122,12
39,270,
19,12,2.5
25,268,
31,258,
67,118,
34,230,6
36,241,
20,17,
29,274,
15,14,
34,254,5
30,226,
28,224,
27,262,
35,240,
24,226,
33,252,
27,275,
20,4,
18,6,2
34,188,
67,121,
26,239,
33,241,
60,117,
27,293,
25,246,
34,234,
66,116,
29,211,
30,218,
19,22,6
21,250,6
36,232,
34,244,
29,271,
19,14,2
69,121,
31,248,
36,226,
33,226,
64,114,
36,230,
36,245,
32,253,
30,249,
28,223,
40,236,
69,115,
18,22,
27,238,
25,207,6
65,116,
65,117,
18,16,4
27,239,
29,234,
25,233,
40,275,
65,119,
32,250,
29,256,5
28,253,
27,226,
32,217,
65,122,
31,233,6
64,114,
23,252,
39,269,
32,253,6
43,235,5
35,226,
35,229,7
30,224,
38,257,6
25,219,6
66,119,
36,165,
22,236,
34,205,
60,113,
28,226,
29,247,
63,120,
63,124,
19,19,
31,201,
30,271,
45,186,
37,245,
30,262,
25,217,7
30,211,
38,263,
52,287,6
64,116,
36,244,
28,249,
21,212,
27,225,6
35,221,
69,120,
31,256,6
34,241,6
32,254,
36,241,
25,200,
29,250,6
30,245,6
34,243,7
13,17,2
34,241,
60,118,
27,253,6
63,119,
36,225,
39,222,
37,203,
62,117,
27,235,6
18,22,2
39,189,
38,233,
36,227,5
28,240,
70,121,
69,126,
27,214,
23,290,
57,121,
25,257,
35,252,7
59,119,
37,265,
40,226,
31,261,
36,243,
59,115,
47,275,
39,259,
17,18,
17,12,2
67,121,
60,115,
32,219,
37,221,
30,251,7
44,255,6
33,190,
31,242,
32,230,
32,264,
32,219,
32,253,
18,11,2
26,263,
33,249,
33,201,
62,120,
17,10,2
33,256,
63,116,10
60,124,
35,268,
31,251,
26,227,
24,240,6
63,114,
25,225,
16,6,
36,215,
68,129,
35,234,
33,228,
70,118,
13,12,
21,208,
65,122,
21,204,5
33,220,6
26,267,
28,278,6
36,217,
30,258,6
34,248,6
20,272,7
34,233,
40,244,
66,108,
41,208,
63,118,
35,211,7
66,113,12
25,277,
66,124,
63,122,
35,240,
30,248,
33,232,5
64,116,9
65,114,
28,188,
71,116,
20,6,
61,125,
25,261,6
18,12,2
33,207,
27,228,
31,236,6
20,210,
33,263,
29,262,
23,206,
38,252,
16,11,2.5
29,240,
21,198,
33,237,
28,252,6
26,261,
17,14,2
34,267,
19,15,2
31,268,
31,219,
23,230,6
28,227,5
24,250,7
33,227,
69,119,
25,228,6
30,252,
30,285,
30,220,6
62,124,
65,123,
29,250,
27,187,
25,225,
35,247,6
37,291,
26,228,
38,249,
32,254,
62,120,
33,225,6
31,242,
69,123,
36,257,7
32,206,
33,230,6
40,240,
15,7,
65,124,12
31,260,6
67,121,
63,119,
36,210,7
28,209,
64,115,
24,249,
60,118,
64,121,9
32,239,
65,124,
24,224,
25,230,
31,258,
40,249,6
64,112,
64,121,
21,242,
65,118,
68,122,
16,15,
26,223,
67,112,
38,220,
14,12,
41,240,
66,131,
65,122,
18,14,2
32,224,6
31,265,
42,262,6
36,281,
61,113,
64,113,
32,256,
33,257,
65,117,
18,6,
35,250,
71,124,
25,209,
21,246,
37,261,
24,233,
37,191,
67,124,
27,244,
44,231,6
18,17,
42,239,
31,243,
21,11,
32,226,
61,133,
25,224,
31,245,
28,260,
38,220,
16,9,
28,231,
29,282,
30,204,7
62,118,12
37,240,
17,15,2
62,124,
35,275,6
34,240,
18,11,2
59,120,
31,251,
24,260,
67,120,
33,243,
24,243,
31,200,
18,7,
33,278,
66,119,
33,236,
32,255,6
21,17,2
18,19,
38,237,
65,118,
24,231,
41,255,6
31,255,
28,237,
32,240,5
21,18,2
40,276,5
24,216,7
32,272,6
38,234,
12,19,2
33,208,4
35,273,6
39,262,
17,12,2.5
60,124,
30,236,6
34,235,
65,111,
29,207,
31,264,6
40,262,
64,112,
64,125,
29,244,
68,126,12
21,242,
62,110,
28,235,
66,108,12
66,117,
20,14,
40,256,7
61,121,
37,235,6
31,261,
67,117,9
31,238,
16,17,
30,230,
36,237,
69,112,
28,224,7
21,218,
68,121,
35,243,
36,261,
32,257,5
31,241,
66,128,
28,243,
27,241,6
63,126,
36,252,
38,242,6
17,15,
63,117,
20,18,2
29,214,
35,253,7
25,245,
27,259,6
64,124,
27,233,6
29,241,
19,13,3
63,121,
32,247,5
25,239,
43,252,
38,233,
14,16,
65,115,
19,228,
28,255,
38,207,
66,121,
31,236,
36,221,6
18,15,4
64,113,
29,229,
24,253,7
27,227,6
31,240,6
75,118,
36,213,5
26,242,
66,123,
34,239,
32,215,
32,249,
67,121,
19,18,
33,220,
29,270,
32,251,
66,118,12
17,14,2
38,206,
33,260,
64,124,11
66,121,
28,228,
37,222,
68,118,
42,253,
65,121,
36,260,
68,125,
28,208,
19,15,
18,19,2.5
61,118,
29,262,
20,259,7
23,207,
62,107,
68,121,
27,249,5
24,238,6
18,12,
41,251,
43,229,6
63,116,11
19,222,
20,24,
35,237,
63,121,
67,113,12
63,127,
67,109,
17,14,4
30,220,
30,211,
25,266,6
31,219,
30,234,
64,120,
29,257,
31,222,
24,242,
31,195,
27,242,6
31,275,
39,235,7
28,274,
61,118,12
29,233,
61,120,
20,25,
34,251,
64,119,
27,239,
67,111,
31,239,
43,227,6
68,124,12
67,123,12
66,112,
28,267,6
32,213,
39,226,
31,240,
22,245,
32,225,
18,8,
36,206,
68,127,12
27,228,
31,213,
66,121,
61,119,
67,109,12
40,250,
38,253,
65,127,
34,261,
35,223,
27,267,
55,123,
32,254,
19,228,6
28,211,7
21,15,
68,120,
36,237,
31,259,
28,253,
34,207,6
37,235,
69,117,
66,119,
62,119,
16,23,2
66,125,
18,24,
35,230,7
42,276,6
33,247,
63,123,
31,257,
25,225,6
45,248,5
33,239,
70,122,
27,241,6
21,228,
23,258,6
29,242,
26,232,
37,251,
34,258,
20,17,2
30,228,5
19,261,5
30,224,
66,112,12
18,5,3
67,113,
29,264,
40,262,
14,24,
33,235,
38,260,
31,212,
17,235,
25,248,
35,239,6
42,210,5
39,230,
34,209,
32,240,
34,253,
18,17,
63,113,
26,204,6
67,124,
64,109,
19,247,
28,229,
26,255,
35,219,
23,211,5
17,20,2
36,214,
34,247,6
30,240,
24,233,
15,16,2.5
18,20,
66,126,
29,248,
30,231,
19,11,
38,272,
63,122,
33,259,
18,19,2
38,223,6
31,223,
31,258,
20,21,2
30,239,
38,260,
69,127,
34,238,
37,254,6
27,277,6
34,281,7
30,207,8
18,17,
26,223,7
30,242,6
32,248,7
20,12,
32,215,5
29,246,
31,256,
33,286,
67,121,
64,113,10
33,221,
16,13,2.5
37,246,7
30,244,7
33,234,
30,226,7
39,252,
38,262,6
34,208,
30,224,
19,20,
17,16,2
29,256,
67,121,
33,258,7
23,239,
19,10,2.5
66,116,
34,238,
67,123,
30,213,8
26,241,
33,257,
34,255,
32,228,
39,242,
17,257,6
34,253,
31,234,
31,278,6
33,241,6
34,244,7
31,235,
32,241,6
68,120,
32,209,
35,210,
15,14,2
23,232,
29,254,
67,119,10
21,249,
23,215,7
24,236,
27,258,
26,225,7
62,122,
27,237,7
28,221,
32,256,
34,230,
29,226,
28,258,
62,127,
17,12,2
28,244,6
23,248,7
39,272,
63,125,8
30,213,6
42,257,
40,224,
22,18,2.5
36,261,
32,235,6
28,226,
40,231,
34,239,7
18,8,
35,224,
39,215,
36,229,
37,226,6
37,236,
67,132,
15,5,2.5
66,118,
39,247,
27,258,7
67,126,12
29,207,6
41,226,6
19,10,3
30,235,
32,243,
30,257,
35,267,
61,119,
18,11,2
66,124,
63,116,
64,112,12
37,243,
32,213,6
33,262,
63,119,12
38,277,
25,247,5
33,247,
69,114,12
18,6,
62,126,12
35,229,
29,230,
22,208,6
16,7,3
69,124,
41,249,
35,249,
31,257,
38,241,
44,231,
17,15,
32,266,
40,270,
32,233,
38,219,6
39,224,
29,244,6
61,113,
66,120,
45,228,
36,215,
21,213,
32,230,
67,114,12
32,236,6
66,120,
38,228,
64,121,
16,21,2
68,131,
63,115,
29,231,
26,222,6
33,248,7
36,235,6
31,278,
35,223,
22,194,
17,12,2.5
66,122,
21,8,3
31,237,
28,273,6
13,10,2
26,207,
31,257,6
32,222,
32,251,6
34,249,7
18,8,
65,123,
34,229,
33,234,
25,248,6
67,121,
33,244,
29,242,
28,226,
67,118,
67,119,
63,125,
34,250,
15,17,2
15,19,2.5
64,113,
29,267,6
31,203,
26,215,
32,253,
32,227,6
26,292,
18,11,2
40,257,
29,235,
36,193,
62,117,
30,228,
28,249,
24,276,
37,233,
25,287,5
21,17,
34,238,6
36,214,
31,256,
33,278,6
62,124,
20,27,2
68,112,12
28,215,
69,126,
63,118,
71,119,12
31,254,
26,259,6
65,121,
67,126,12
19,216,5
19,9,2
40,235,6
27,212,
65,121,12
34,266,
30,200,7
35,250,
32,221,6
17,9,
26,197,
16,7,
32,205,
16,6,
32,252,
65,126,
30,263,
65,119,
35,257,6
67,133,
30,254,
26,226,6
36,216,
33,249,6
34,253,7
34,201,6
18,1,3
65,126,
33,242,
25,225,5
34,211,
26,229,
36,281,
31,203,
63,115,
14,15,2
27,256,
33,249,
32,251,
38,234,7
33,286,6
38,239,6
20,22,3
16,16,2
22,198,
40,219,6
66,127,
35,227,
25,193,
32,223,6
65,112,
33,226,6
38,266,
30,251,
38,242,6
32,246,6
25,224,6
62,124,12
32,249,
28,281,
30,214,
64,117,
65,124,
15,18,4
65,115,12
29,278,
28,229,
41,214,
17,17,4
33,226,6
26,257,
38,228,
62,108,
39,255,
63,125,
62,122,
64,115,12
28,235,8
33,230,7
66,120,
25,272,7
38,229,6
65,118,
25,264,
32,223,5
31,237,
27,260,7
26,251,6
18,14,
26,214,
35,252,6
24,225,7
31,268,
32,240,
33,258,
32,187,
34,252,
20,8,
16,12,
26,263,
64,119,12
32,257,
19,15,2
19,6,
28,234,
32,266,
67,109,12
29,241,6
16,25,2
34,241,
23,258,6
67,123,
16,12,
62,127,
27,249,7
33,261,7
33,259,
29,220,
64,122,
38,242,
34,217,
25,259,
68,119,12
33,232,6
22,253,6
31,237,6
32,268,6
38,267,
36,228,
28,230,6
17,19,
32,224,
32,234,
24,266,
24,264,
17,22,2.5
67,119,12
33,235,
40,217,5
19,9,2
17,10,
64,119,
33,238,
28,272,8
69,127,
62,121,
70,112,
36,216,
35,220,
27,228,
22,223,
31,265,
20,11,
38,266,
26,266,6
27,255,
26,209,
35,235,7
65,123,
37,214,
32,222,
65,107,
64,118,
68,117,12
30,262,
33,221,
36,244,
29,274,
26,253,
30,261,
18,16,2
28,235,6
22,216,6
33,213,
31,266,
29,256,
16,14,
66,121,
39,232,6
64,114,12
20,232,
22,17,2.5
64,127,12
20,267,6
34,222,
30,248,
24,225,6
36,244,6
35,232,
29,225,
40,217,7
67,121,
34,257,
32,250,
26,216,
22,203,6
67,118,12
30,231,
43,241,4
62,118,
21,23,
28,267,
70,114,12
41,293,5
28,261,4
36,245,
62,128,
29,236,
32,227,
64,114,
36,230,6
26,248,
23,252,
30,246,
29,217,
34,207,
38,236,
29,290,6
28,233,7
30,229,6
37,210,
16,9,
66,123,
33,213,
18,17,3
68,121,
34,256,
18,14,
63,123,
39,257,
29,237,
29,248,6
25,246,5
29,253,
25,247,
32,276,
34,246,6
65,121,
62,119,
28,237,
35,246,
21,22,2.5
30,232,
30,232,
31,275,
70,121,
20,19,
18,14,
33,257,
59,110,
18,8,3
33,242,
68,116,12
25,229,
64,119,
17,21,
64,121,12
17,15,2
20,13,2
24,243,
66,124,
35,192,
37,229,6
37,241,
33,197,
61,122,
64,116,
12,13,2
18,23,2
32,238,4
65,118,
35,246,
63,125,
39,236,
31,208,6
61,118,
27,211,7
20,249,6
30,209,
20,7,
35,251,7
31,236,
69,124,
34,262,
37,219,6
24,238,6
32,224,
31,192,
33,256,
64,114,
39,212,
64,127,12
29,202,
66,121,
67,130,12
44,274,
29,255,6
65,123,
23,263,
35,215,
34,249,7
32,232,
37,251,
27,217,6
26,236,
64,111,
67,128,
63,122,
18,16,
36,255,
32,273,
39,212,
16,17,
33,257,
41,263,
27,243,
37,231,
19,10,2
71,111,
67,119,
37,251,6
67,116,
19,14,2
36,258,
30,218,6
34,239,
27,268,
60,115,12
24,262,
63,121,12
31,261,
25,249,
30,234,
37,260,
29,271,
62,127,
36,261,
35,220,7
39,226,
33,240,
32,272,
45,272,
16,17,
31,199,
17,15,2
30,244,6
66,118,
25,231,
67,116,
31,274,
31,247,
66,119,12
15,17,
36,213,
65,123,12
40,249,
31,234,
36,247,7
37,252,6
29,240,
67,119,
68,119,
31,207,
28,247,
19,4,3
19,15,2
31,243,
35,260,
21,22,
36,243,
35,226,
30,236,
40,225,
34,218,
41,222,
23,249,
30,201,
32,249,
67,127,12
68,112,
37,213,
30,246,
31,285,
69,120,12
23,220,6
18,11,
63,118,
39,243,6
30,263,
17,16,2
39,207,7
40,227,
29,219,6
35,260,
60,122,
27,237,
30,209,7
19,12,2
68,117,
36,254,
30,218,
39,208,
23,226,
67,122,12
27,259,
31,250,
18,236,
32,235,
64,120,12
37,233,6
28,276,
60,119,
34,241,
37,243,
60,117,
33,247,
24,237,6
24,238,
34,255,
67,121,
39,260,5
26,240,
30,251,
18,12,2.5
29,217,6
31,239,
39,258,
60,121,
29,247,
31,274,6
63,121,
12,5,2
37,242,
63,122,
39,237,
32,245,6
28,243,6
28,227,
16,18,2
64,122,
22,236,6
30,254,
36,254,
38,234,6
28,238,
28,187,6
31,249,
30,238,7
16,22,
38,253,6
36,232,
33,201,
34,238,
36,231,
62,122,12
30,212,
62,114,
19,244,6
28,239,7
34,204,
68,112,
29,244,
19,26,
67,123,
37,237,6
67,119,
34,247,
31,222,
19,7,2.5
23,227,
19,17,
64,124,
24,265,6
20,15,2
31,210,6
32,241,
69,125,
30,269,
24,235,
31,270,
24,213,7
18,19,2
65,116,
32,198,
36,292,
21,270,
57,113,
26,235,6
28,239,
29,250,
26,247,
27,234,6
31,224,
30,244,
26,229,7
39,222,
29,220,
63,124,12
65,119,
67,122,
24,264,5
64,128,12
27,241,
25,247,
14,11,
40,230,
31,221,
25,210,
31,216,
37,269,7
27,216,
24,242,7
28,225,
67,121,12
27,220,
63,117,
38,254,
36,252,
25,225,
39,214,7
18,6,
37,252,7
33,225,6
63,136,
20,255,
16,13,
28,277,7
27,261,7
31,244,
29,246,
67,121,
24,280,
64,106,
36,207,7
67,120,12
32,272,
22,17,2
40,249,
60,126,12
28,222,
37,234,
42,257,
31,242,
64,120,
34,240,
30,239,
66,127,
33,233,
35,242,
35,243,4
60,115,
19,245,
14,10,
26,235,
31,245,5
34,228,
38,230,
33,194,
26,245,
62,127,
26,229,
38,256,
32,261,
64,118,12
27,213,6
71,122,8
33,237,6
28,230,
32,209,
18,14,
32,259,
68,119,
31,214,
32,248,
21,240,
32,237,
16,14,
31,247,
26,229,
32,261,
31,249,
35,237,
29,225,7
28,269,
15,20,2.5
32,250,
27,209,
29,208,
16,20,2
33,277,5
39,241,
16,15,
24,284,
17,15,
36,264,
34,256,
32,248,6
19,12,
67,122,12
30,200,
36,227,
29,267,
32,256,7
68,124,12
67,124,12
27,254,
39,251,
26,225,
31,212,
31,234,6
36,291,
36,231,
19,11,2.5
32,233,
16,10,2
59,127,
64,115,
23,232,7
28,233,
25,235,
16,15,3
22,229,
70,117,
36,237,
65,117,11
37,234,
34,230,
28,245,
35,212,
38,238,
28,281,
20,13,
62,119,
17,13,3
36,208,
24,293,7
64,116,
68,123,
17,229,
68,127,
32,251,
30,253,
34,202,7
12,16,4
24,238,6
31,240,6
18,24,2
27,210,
17,5,
64,125,
28,237,
33,205,6
37,237,
23,255,6
35,237,
31,253,7
18,10,
33,243,
38,248,
36,230,6
18,17,
68,120,
26,264,6
16,16,
37,252,6
62,116,12
26,236,6
61,120,
35,211,
34,229,
37,198,7
31,237,
25,208,
28,267,6
63,117,
30,202,4
31,231,
28,253,
61,113,
30,220,
38,231,
29,270,
39,242,
32,262,
34,248,
14,14,2
45,244,
29,230,
62,115,
19,245,
28,243,
32,289,7
32,211,5
19,19,6
30,234,
18,7,2.5
27,259,
68,122,
65,116,
31,238,
61,119,12
41,253,6
63,117,
33,237,
63,118,12
17,14,
65,117,
23,266,
22,15,2
33,248,
33,278,
67,114,
65,118,
30,237,6
41,243,
63,118,
62,119,
28,214,
16,13,3
27,234,
18,16,2.5
42,258,
29,273,
27,282,
33,246,
22,263,4
36,265,7
39,275,
62,119,
20,250,6
35,216,
29,272,
32,238,
67,120,
24,256,
33,224,6
31,212,
33,256,
27,214,6
29,277,6
20,232,
39,255,
36,221,
31,234,
27,252,
31,294,7
34,195,
31,255,6
32,262,
18,9,2
19,17,2
40,231,
32,243,6
64,116,
68,115,
20,19,
24,230,
27,238,
66,119,
31,237,6
31,237,5
65,125,12
17,20,
25,196,
18,6,2
19,20,2
19,17,2
18,11,
66,122,
22,238,
29,211,4
33,239,7
60,129,
31,217,6
15,17,2
32,228,
34,229,
67,117,
33,210,5
22,266,
36,276,
69,132,
62,113,12
17,17,2
31,229,6
31,234,
28,218,6
37,245,6
63,111,12
35,273,
17,1,
39,205,
60,129,
31,244,
32,234,6
63,123,
66,117,
68,119,
31,267,6
62,126,
38,205,
29,231,7
60,119,
30,245,
49,240,
64,129,
60,117,
31,251,
33,221,
28,247,
36,242,
63,125,
65,119,
62,122,
16,9,2
37,231,
25,244,
66,118,12
18,15,
24,250,6
64,121,
65,119,
66,111,
61,116,12
30,283,
22,17,
34,256,
40,225,6
64,118,
20,17,
28,263,
65,114,
68,117,12
64,116,
65,128,
24,224,
36,244,
32,254,
24,221,
34,203,
28,254,6
67,118,
34,231,
38,240,
36,249,
17,10,2
36,265,
66,117,
17,11,2.5
23,236,
33,229,
33,252,7
32,230,6
60,118,
31,253,
39,249,
27,218,
64,114,
30,237,4
27,231,
31,254,7
26,244,5
66,120,
40,238,
64,116,
67,120,
36,306,6
16,24,2
36,220,7
35,224,5
31,231,6
31,245,
65,126,
38,280,
43,264,
28,205,6
18,17,
33,227,
68,113,
36,253,
43,230,
39,238,
31,251,
30,208,
41,201,
35,257,7
28,248,
17,9,2.5
18,255,6
46,243,
32,219,6
28,229,
18,253,5
30,217,
30,207,7
64,123,
30,258,6
29,214,7
65,116,
28,247,
64,114,
61,113,
64,125,
67,121,
25,236,7
30,235,
63,118,
35,242,6
22,263,
23,210,6
14,25,3
23,234,5
31,228,5
67,122,
40,232,
64,122,
17,16,2
32,228,
24,237,
31,256,
32,231,6
44,254,
18,11,
35,250,
65,121,
34,181,6
21,20,2
34,194,7
18,248,
65,123,
38,244,
43,222,
23,221,
16,0,
60,112,
31,218,7
18,18,6
62,120,
30,261,6
32,238,6
22,235,
19,19,2
31,253,
16,12,3
29,277,
32,240,7
33,236,
34,248,
19,14,2.5
17,10,
23,210,
30,219,
30,237,
32,251,6
28,235,7
17,6,3
18,223,
27,274,
29,235,
41,233,
65,121,
29,247,5
61,113,
28,231,
33,226,
35,229,
24,250,
24,229,6
40,251,
40,213,
38,269,
14,17,2
35,287,6
25,255,6
26,237,6
27,223,6
65,117,
28,228,
26,262,
24,248,
64,117,
31,258,
29,212,
17,13,
23,265,6
61,113,
61,115,
67,125,
28,262,
68,119,
30,223,
33,235,7
20,229,
60,128,
60,123,
27,256,
18,10,
32,219,
36,233,6
25,209,5
39,243,6
34,245,9
39,277,5
65,123,
31,273,6
28,234,
33,243,6
20,270,
26,219,
42,254,7
62,118,
24,226,
31,251,
64,120,
27,243,6
18,16,
33,229,
30,290,
21,231,
25,239,7
31,234,
37,208,
37,230,
33,275,6
37,227,6
33,206,5
35,245,6
17,14,2
32,225,
67,118,
31,228,
20,13,
20,6,
26,245,6
26,238,6
40,212,
33,215,
63,121,
23,240,
26,250,7
17,10,2
18,230,
63,116,12
42,224,6
31,256,6
31,235,
27,242,
38,235,
64,124,
26,235,5
28,229,6
20,236,6
27,234,
19,20,2
28,232,
31,240,
33,261,
36,234,
19,280,
64,132,
35,211,7
36,230,6
27,227,
18,16,2
23,207,7
33,230,
25,239,
30,220,
38,235,
33,211,
66,114,12
26,238,
18,18,
27,214,6
62,119,12
36,236,
24,202,6
27,228,
20,18,
65,118,
31,225,
27,206,6
27,231,
15,5,
33,229,
26,264,7
28,268,
66,114,
42,237,
20,13,2
33,226,
27,254,
32,256,7
41,268,5
23,250,
37,220,6
41,272,
36,262,6
36,217,
33,244,6
64,114,12
38,228,
34,228,
65,121,12
34,256,
34,228,
25,196,
27,226,6
37,249,
27,237,6
68,129,
34,254,7
65,113,
29,221,7
24,248,6
34,277,
63,121,
40,238,6
65,114,9
71,126,
64,121,
64,121,12
32,232,7
27,246,
35,238,
37,239,
32,229,
33,224,
25,209,
35,268,
36,286,
65,124,
35,201,7
32,212,6
39,234,
37,236,
63,113,
39,223,
29,217,
40,244,
63,123,
33,297,
37,263,6
28,235,
34,217,
32,312,
65,116,
25,229,
66,116,9
67,117,12
32,253,4
66,130,
23,204,
35,224,7
40,232,
18,9,
24,232,
37,234,7
29,243,
62,118,
30,235,
33,219,
33,211,
32,232,
34,255,7
33,264,6
29,237,
40,231,6
27,223,7
29,249,
34,253,
35,244,
16,8,2
20,18,2
64,124,12
30,248,
67,124,
30,234,6
62,124,
31,220,
65,117,
62,125,12
26,225,
32,236,6
64,122,
21,243,6
25,274,
31,240,
36,227,
35,243,
30,255,
41,239,
37,226,
62,117,
32,228,6
17,16,
37,246,
19,16,
64,119,
63,110,
31,219,
38,230,
31,233,
31,232,
33,200,4
27,238,4
20,16,3
31,269,
31,230,
25,232,6
66,117,
32,203,
61,121,
68,125,
36,249,
68,118,12
31,257,
25,216,
64,125,
40,263,
23,247,6
64,125,
32,221,
63,130,
29,214,
39,247,
28,252,
34,225,
35,256,
67,117,
33,211,
65,109,
30,221,
61,120,12
35,265,5
25,219,
35,266,
18,240,
14,241,6
18,18,
38,246,
27,246,
29,223,
63,113,
35,258,
34,258,
65,122,
29,244,
35,267,
32,239,6
31,237,
66,122,
67,102,
67,125,12
32,244,6
29,213,6
33,242,
33,267,
31,247,
26,262,
30,257,
16,21,
32,250,6
28,250,
68,119,12
27,215,6
68,128,
18,16,
28,258,
26,230,
28,263,7
25,257,
25,252,
38,213,
25,249,
35,228,
64,122,12
67,123,
28,236,
15,26,3
35,213,
65,123,
37,227,
67,125,12
37,223,
28,212,
63,124,
64,124,
61,120,
33,273,
38,273,
27,217,
62,120,
40,221,
30,262,6
67,120,
21,11,
19,20,
26,236,6
31,250,7
28,225,
29,253,5
34,225,
33,257,
34,207,
36,225,
19,10,2
17,14,2
29,271,
31,227,7
65,115,
30,257,7
26,234,5
27,250,
34,260,
33,272,
63,119,
35,251,
19,220,
37,254,6
61,121,
66,131,
33,230,
37,187,7
26,221,6
22,6,
65,115,
35,279,
28,237,
31,264,
38,247,7
27,215,
61,119,
67,118,
42,250,7
35,216,
43,256,
19,6,
27,239,
27,247,
27,247,5
33,237,6
35,195,6
15,15,2
28,253,10
71,122,12
68,127,
32,219,
30,286,
16,19,2.5
40,252,6
17,21,2.5
35,231,
34,256,6
15,21,2
35,250,
65,132,
27,214,
24,229,
30,202,
38,264,
23,202,
59,127,
23,251,
62,122,
38,230,
68,117,
41,260,
24,218,
15,10,
39,222,
27,275,6
37,239,
14,14,
37,239,
32,261,
59,114,
62,126,12
19,11,
27,229,6
32,204,5
30,237,
36,265,
63,128,
63,125,
62,117,
30,269,
30,270,
64,122,
59,110,
28,217,7
32,256,7
39,233,4
29,234,6
34,237,
66,118,
20,254,
29,288,
24,228,
27,260,6
37,253,
17,11,2.5
67,110,12
30,270,6
34,219,
35,242,
21,259,7
30,231,
38,220,
31,252,
62,118,
27,260,
66,115,
64,114,
20,19,2
32,247,
18,255,
36,238,
65,120,
31,230,6
61,117,
29,224,
28,234,6
33,236,
33,290,6
28,229,6
27,248,6
18,14,2
38,225,7
20,23,
37,222,
65,122,
32,264,
36,247,
39,237,6
36,269,
27,198,6
17,15,
26,223,6
31,227,
66,121,
67,129,12
69,115,
16,8,2
61,122,
35,261,6
32,236,
30,267,6
32,233,
27,186,6
31,271,
26,228,
61,116,
37,222,
63,110,
15,12,2
35,228,
29,256,
33,214,
68,106,
63,115,
32,253,
38,235,
30,272,6
17,9,
17,12,
30,275,
28,230,6
31,239,
34,247,
63,119,
30,223,
16,12,2.5
32,271,
66,111,12
67,121,
31,225,
38,265,6
38,253,4
38,211,
28,274,6
23,277,
38,284,
71,115,
29,206,
35,230,6
24,240,
29,208,
30,206,
34,285,7
65,115,
17,9,
19,10,
39,213,
62,128,
32,206,6
13,10,2
20,245,
65,119,
24,217,6
32,234,
35,232,7
36,247,
31,229,6
37,242,
67,121,
32,269,6
19,16,2.5
22,17,2
34,230,
61,119,
30,270,
33,239,
63,122,12
39,261,
67,116,
38,228,4
32,227,
20,251,
18,22,2
65,116,
23,233,
33,190,6
27,230,
29,245,6
34,249,
40,254,
41,249,
25,243,
15,17,
39,229,
29,216,
36,228,
21,240,
64,123,
38,247,
22,250,6
31,258,
16,11,2.5
65,121,12
62,123,
60,120,
35,235,
27,265,6
35,272,
64,115,12
27,227,
41,231,
28,226,
24,248,
68,120,9
32,214,7
33,225,
67,110,
30,224,
32,258,7
19,11,2.5
21,17,
37,235,
24,227,
64,115,
30,224,7
25,253,
65,121,
34,230,
16,10,2
31,223,
22,234,
65,123,12
65,123,
39,224,
66,124,
68,128,
27,202,
32,229,6
36,250,
67,125,
30,250,6
40,243,
31,219,
32,255,
26,246,6
35,268,
23,244,7
34,210,
16,12,2
67,119,12
30,227,
24,224,6
34,221,5
59,122,
29,269,
65,120,12
21,14,2
36,235,
43,246,
68,126,
26,247,5
66,129,12
66,118,
68,113,
31,246,
33,204,6
66,112,
66,118,
31,240,6
27,235,
39,245,
32,234,6
66,120,
23,202,6
27,251,6
28,238,
34,248,
31,241,
34,238,
17,219,
37,234,
37,263,
22,238,
24,227,
20,18,
17,6,
23,257,
14,17,
67,125,8
65,119,
24,232,6
27,240,6
27,235,
67,114,
40,235,
30,272,
66,120,
36,258,6
34,204,7
36,243,
38,239,6
38,240,
36,222,
18,13,
31,266,
38,257,
29,247,
29,232,4
31,258,
40,292,
63,124,
42,247,
34,234,
34,253,
64,116,12
34,271,
31,237,6
26,255,7
18,15,
66,126,12
27,225,
15,13,
22,0,2.5
40,221,
26,258,
30,215,
30,261,
35,238,6
32,247,
14,18,2
66,125,
37,259,6
35,245,4
32,205,6
19,14,
63,118,
36,260,6
43,227,
17,10,2.5
34,260,
33,284,6
21,16,2
28,233,
24,270,6
60,116,
26,222,
17,14,2
32,235,6
34,254,
15,7,2
18,249,
61,118,
29,236,5
68,112,12
25,240,
65,124,
32,231,
31,249,
37,246,
17,10,
29,290,6
30,247,7
62,116,
33,236,
63,131,12
29,268,
65,113,
66,122,
66,121,
29,240,
31,239,
67,123,12
17,19,2
17,12,2.5
65,116,
35,256,
72,116,12
65,124,
67,124,
27,263,
34,233,6
25,228,7
29,188,6
38,234,6
36,253,
39,270,6
63,121,12
29,258,
63,116,12
44,246,
15,13,
44,239,
16,230,
18,22,3
28,284,5
18,10,2
18,16,
28,236,
69,111,
70,116,
32,221,
15,15,
67,114,
20,17,
27,226,
72,118,
35,256,
38,247,
33,272,
33,247,
32,235,
45,239,
65,123,
20,271,
36,231,
21,228,
33,277,6
33,242,7
22,242,6
17,13,
20,10,
40,238,
28,252,
64,125,
32,243,
29,219,
26,221,
26,263,7
26,259,
35,270,7
43,262,
41,238,
65,121,
20,253,
18,10,
30,216,
31,271,6
26,254,6
25,265,
28,260,
36,243,
36,226,
20,219,6
66,116,
66,122,
19,17,
38,225,
26,233,7
24,202,6
18,13,
31,257,
36,235,5
35,221,
32,297,
23,223,
27,249,
65,125,12
27,285,7
33,238,
28,218,
29,260,5
42,237,
62,108,
66,121,
64,121,12
29,198,
35,247,
25,254,7
31,223,
33,236,
35,216,
29,235,
38,237,6
28,237,
16,24,2
19,240,
31,194,7
33,209,
30,227,
30,248,6
36,270,6
18,23,
29,227,
31,181,
70,116,
29,253,7
36,228,
29,244,7
35,256,6
21,5,2
29,241,
32,237,
66,122,
68,121,
33,235,
61,110,
37,225,6
68,118,
26,251,5
17,15,
34,270,
37,221,
28,280,
35,237,
15,18,3
62,118,
38,254,
16,9,2
39,242,
30,239,
28,255,
34,221,
42,227,
27,246,
33,224,
29,297,
65,118,
21,214,
34,254,
61,118,
28,267,
18,14,
18,12,
19,22,
29,222,
32,260,
32,261,
29,255,
29,257,6
18,17,
30,241,
31,230,7
33,227,
34,255,
39,205,
41,250,
35,239,4
60,118,
29,245,6
30,203,6
26,210,
30,228,
63,127,
20,234,
15,6,2
31,234,6
42,256,
24,230,
14,14,
67,109,12
34,215,
27,288,7
64,119,
66,124,12
34,217,7
42,234,
26,233,6
29,223,
40,223,6
29,271,5
37,193,5
26,211,
66,119,
31,246,
59,122,12
35,232,
29,240,6
63,122,12
33,221,7
17,9,2
66,123,12
15,15,
30,259,
14,10,
26,232,
40,234,
28,274,
58,119,
65,126,9
33,264,6
65,117,
30,215,
33,267,
63,122,
25,247,
31,247,6
18,17,
61,113,
66,108,12
31,225,7
23,265,6
19,218,
64,119,
35,230,
38,249,
25,255,6
65,120,
45,244,
66,117,12
25,228,
33,250,
26,223,
28,226,
16,16,2
38,197,
68,117,
16,15,
27,239,6
63,118,
31,245,
58,114,12
18,9,2
63,124,12
18,11,
25,226,
65,127,
43,214,
25,260,6
23,224,
24,243,
68,122,
35,204,7
24,246,
61,122,
28,245,
65,116,12
63,120,10
69,118,
36,219,7
40,271,7
30,231,7
38,244,
31,231,
29,261,
26,252,5
30,252,6
30,259,
24,242,
39,222,6
28,261,
62,118,12
29,243,
42,221,6
21,17,2.5
31,217,
28,220,
30,224,6
30,235,
30,226,
34,219,
62,111,
62,123,
17,18,
27,246,7
31,215,
66,119,
26,249,7
32,203,
19,23,4
29,216,
62,126,
36,228,6
65,113,
39,262,6
17,16,2
62,127,
60,122,
62,115,
45,234,
64,122,12
61,124,
29,228,
28,217,
36,256,6
29,231,
35,276,
64,122,
31,249,
36,254,
29,251,7
23,213,
37,250,6
35,259,6
68,121,
35,276,
35,201,
58,119,
35,256,
24,219,
31,217,
27,225,
35,261,
36,265,
32,229,
27,255,6
43,230,
69,124,
32,231,
65,116,
38,265,
66,117,
34,244,
16,247,
25,232,6
70,111,
32,243,6
33,241,6
41,242,
14,10,
26,234,
21,225,
59,121,
14,14,2
30,274,7
27,233,
30,244,
17,9,3
37,260,6
34,205,6
24,258,
67,124,
25,241,
31,219,7
28,208,
42,239,
17,16,
31,265,
64,114,
29,239,6
30,243,
27,220,6
31,229,6
35,260,6
33,260,
66,120,9
26,225,
25,226,
30,222,7
18,7,3
60,114,
27,237,
30,224,
36,234,4
35,228,7
33,246,
39,229,
68,114,
33,267,
31,265,
65,124,
31,253,
34,227,6
38,256,
34,233,
27,241,
47,211,
32,212,
26,224,
25,240,
27,213,
61,124,
67,122,
29,253,
60,112,
19,14,2
30,230,
60,118,
17,10,
16,15,
31,217,
29,262,
31,212,
32,215,6
22,222,6
26,241,
28,252,7
38,191,
26,209,6
18,245,
31,297,5
63,117,
65,120,
34,238,
35,251,
17,25,2
65,121,
19,226,
68,120,
34,230,7
36,229,6
16,11,
67,130,
26,234,6
28,205,
19,24,2
18,12,
67,117,
36,212,6
37,243,6
63,117,12
23,239,
30,268,
70,126,
35,251,
38,255,6
70,120,
59,119,
28,202,
32,265,6
63,120,
30,248,
61,111,
31,245,
28,237,
22,234,
21,16,3
34,242,
16,8,
28,260,
31,243,
24,270,
63,119,
31,251,
40,223,
34,262,
34,229,
32,240,
25,219,
38,254,
70,117,
33,280,6
31,259,
23,234,
19,21,2
28,246,6
64,124,
38,218,
34,201,7
31,209,6
38,244,
36,207,
38,219,
36,251,6
36,221,7
19,10,2.5
38,254,
69,116,
34,239,
35,269,6
32,229,
64,118,
17,16,2
20,248,
63,118,12
33,242,
31,234,
20,14,
15,6,2
31,201,
36,236,
61,119,
65,118,
36,249,
34,217,6
14,7,
38,251,
63,136,12
64,125,12
31,221,
67,115,
61,123,
38,237,7
25,235,
35,259,6
31,280,6
18,12,
29,204,6
64,116,
35,210,
68,122,
26,235,
69,122,
33,263,
29,220,6
17,11,2.5
29,232,
65,124,
20,234,7
30,201,
27,206,6
35,217,
16,16,
28,235,
36,220,6
39,224,
23,219,6
38,237,6
38,238,
28,248,
27,238,
31,246,
31,223,
31,244,
17,18,2
15,15,
67,118,
30,260,6
66,124,
31,268,
39,252,4
67,118,
17,9,2
35,212,5
43,276,
34,229,6
34,244,
33,262,
64,127,
32,236,6
61,115,
64,111,
32,237,6
35,253,
66,120,
26,237,
33,208,
34,217,
60,116,
60,114,
19,15,
67,112,12
33,189,
67,122,12
39,237,
36,200,6
16,19,2
21,278,
27,220,
28,200,
39,234,
16,20,
63,121,
31,244,
29,240,
60,121,12
31,236,7
45,255,
41,256,
18,18,
30,255,7
29,218,
30,252,
65,122,
42,227,7
23,207,
27,228,
37,240,6
31,254,
63,114,12
31,250,
16,18,
19,12,3
16,17,
64,116,
19,16,
28,258,
65,120,
29,266,6
65,117,12
29,230,
41,234,
36,264,6
65,122,
30,239,
30,254,
35,219,6
18,14,
32,216,
67,130,
18,5,
37,262,7
28,219,
24,223,6
26,217,6
34,233,7
20,23,3
71,123,12
17,14,
67,128,
20,211,6
38,224,6
64,122,
37,244,
32,238,
30,245,
67,124,
60,122,
29,271,
65,118,12
61,116,
27,249,
38,229,
25,236,
20,273,
67,120,
26,246,6
36,228,
39,236,
31,240,
37,227,4
18,256,
32,246,
31,274,6
24,232,6
26,231,
35,274,5
29,281,
28,244,
17,19,
21,222,6
27,249,
36,228,7
36,240,
30,242,
30,242,
64,123,
33,227,6
36,203,
27,275,
34,253,6
33,250,
35,188,
35,240,7
24,238,
37,200,
13,17,2
36,253,
19,241,
28,238,6
30,269,6
33,220,
46,231,
37,231,6
30,247,
14,21,2
27,271,
30,232,6
19,9,2
30,228,7
17,14,2
28,242,
37,224,
32,206,
36,214,5
65,117,
25,219,
59,115,12
30,222,
25,191,5
30,231,6
36,274,6
37,256,
35,223,
29,210,
63,114,
65,118,
31,235,6
32,254,
29,238,6
32,249,6
38,239,6
32,244,6
44,204,
22,270,6
14,17,3
17,12,
27,201,
60,117,
36,243,6
16,14,
66,112,
66,118,
28,284,
67,120,
31,250,
36,262,
62,110,
67,119,12
27,234,
35,259,7
25,243,
34,258,
65,122,12
39,242,5
23,267,
29,212,
63,117,
28,255,
65,115,12
19,8,
29,241,
69,116,12
33,219,
25,232,
32,227,
33,218,
32,273,
22,258,
37,235,
62,123,
29,231,6
34,225,
14,15,
44,257,
65,118,
29,234,7
18,11,
16,24,2
19,9,2
34,248,6
30,227,
29,227,
68,119,
28,237,
69,120,
18,16,2
63,120,
36,260,
34,254,
40,236,7
30,211,6
27,193,
39,241,
58,124,
62,120,
37,242,5
31,261,6
18,17,2
31,270,
29,239,6
31,249,7
29,258,
33,249,
35,232,
37,191,
24,245,6
26,223,
15,15,2
20,13,
61,122,
26,224,
63,114,
32,215,
62,124,
34,256,
63,115,
33,237,7
32,229,
66,120,
29,217,
18,247,7
32,226,
19,13,2.5
26,196,
22,289,6
38,218,7
36,237,
35,281,
35,219,
40,266,
44,231,6
30,243,
31,233,7
66,97,
35,240,
24,245,
69,123,
29,221,
17,11,
40,207,6
23,253,6
38,232,
71,125,12
31,218,
37,211,6
29,243,
37,265,
24,215,
28,227,6
19,251,7
63,134,
37,257,
35,278,
33,236,
24,237,
18,10,
34,238,
35,206,
32,231,
31,235,
35,227,6
36,213,
31,249,6
39,240,
63,122,12
28,252,
29,265,6
33,274,
19,24,2.5
34,282,
16,14,
20,214,
27,272,
35,248,
25,249,
28,220,
35,242,
25,259,
35,239,
24,234,
27,221,
26,199,
24,260,
43,225,6
64,117,
40,264,6
17,19,2
29,203,
37,248,
40,221,
30,229,
29,212,
35,250,
27,238,
16,17,2.5
33,221,6
35,223,4
36,222,
21,211,6
35,227,6
32,283,6
34,227,7
64,111,
40,228,
66,126,
26,234,7
31,216,
15,11,
34,291,7
33,209,
28,264,
18,12,2
29,257,7
68,124,
33,257,
30,244,7
33,238,
65,109,10
37,227,
44,285,
63,117,
15,22,
29,232,8
60,117,
20,225,
37,247,
41,225,
29,233,
25,257,
30,261,
74,126,
30,253,
33,229,
64,120,12
23,253,7
37,235,
28,261,
25,228,
66,118,
26,223,
61,120,
36,240,
64,118,
30,232,
35,226,
66,119,
34,261,
63,118,
31,229,
29,234,
70,123,
37,201,
35,289,
63,112,
30,222,
36,231,6
17,6,2
28,252,
38,255,
36,232,
29,245,
37,248,
25,241,6
30,271,6
24,265,
38,207,6
28,259,6
25,201,
25,245,
32,225,
26,228,
39,239,7
31,222,
32,199,
64,118,
17,13,
36,217,
33,239,
32,285,6
34,208,
22,214,
36,249,
66,114,
15,20,
33,258,
33,239,
39,224,6
38,241,5
18,12,
30,261,
37,267,6
36,192,5
64,124,
27,251,
66,125,
20,12,
32,218,
18,22,2
34,244,6
26,229,
40,209,
26,227,
32,270,6
25,239,6
16,12,
16,9,
30,240,
37,237,
60,130,
31,203,
27,239,6
66,135,
35,260,6
40,242,
41,219,
31,226,
25,243,
26,244,
40,229,6
19,11,2.5
30,268,5
14,15,2
34,259,6
26,252,
26,254,
27,262,
63,112,
17,13,
39,224,
30,216,
64,116,
31,245,
35,230,
66,130,
31,244,6
31,214,6
38,264,
62,127,
31,208,
36,241,
20,15,2
22,225,
23,236,
34,225,
28,245,5
26,247,
29,229,6
15,23,2
66,117,
42,220,7
24,244,5
65,117,9
33,236,
60,113,12
31,266,
27,215,7
32,255,
30,209,
24,251,
35,228,5
62,118,
66,120,
62,113,
29,257,7
31,225,5
15,19,
41,233,
31,244,5
43,242,
34,239,
59,127,
16,23,
34,248,6
31,227,
36,243,
16,15,2
29,214,
41,267,
38,246,
32,229,
32,221,6
33,216,6
67,117,
60,120,12
27,214,
18,12,2
31,224,6
26,276,8
64,124,
36,241,
24,222,5
21,21,
32,277,
17,11,2
34,216,
68,123,
28,238,6
34,195,
67,125,10
34,242,
29,218,
68,131,
27,233,
18,228,
28,233,
23,231,
16,16,
67,119,
29,213,
34,274,
26,263,
27,256,
35,256,
32,208,
31,233,
34,215,
32,272,
34,207,
32,241,
37,236,
30,218,
31,237,
15,15,2
42,267,
14,15,2
36,269,
31,258,
65,122,
19,15,
30,194,6
63,120,
65,115,
29,281,
35,224,
18,18,2
34,251,6
35,241,
15,14,
19,11,2
30,243,
66,118,
28,278,
26,261,
32,246,
34,240,
39,251,7
33,284,
36,234,
63,112,
32,251,
32,202,
34,278,
35,240,
36,204,7
28,231,
65,117,
30,225,
30,282,
34,235,
19,15,
33,243,
65,122,
33,244,
38,246,8
62,115,
40,250,
36,232,6
35,271,4
34,256,6
70,121,
22,252,
64,118,
26,253,
27,253,
61,123,
32,196,
29,259,6
37,285,
34,230,
41,220,
68,118,
28,244,
30,232,
17,12,
14,6,
42,268,
16,232,6
33,269,
33,244,
33,221,4
37,228,
36,240,
18,7,
62,118,
18,17,3
30,238,
30,220,6
40,253,5
16,16,2
37,242,
31,257,
66,110,12
63,116,
24,235,
24,244,6
62,117,
37,234,
30,256,6
33,214,
26,202,6
32,239,
48,235,
35,223,6
32,260,7
39,240,
25,216,
29,230,
39,268,
34,225,5
17,15,
16,12,2
65,119,11
27,227,5
63,120,
28,269,
32,237,
61,124,
41,239,
34,207,
71,119,
67,122,
22,258,
29,252,
36,230,
31,225,
61,117,
31,231,
25,244,6
40,231,
63,122,
62,117,
60,121,
41,214,7
40,216,6
27,238,
29,209,6
17,14,
19,239,
30,258,
31,222,
31,237,
34,261,
34,220,
63,125,
14,22,2
36,263,7
66,109,
27,225,
27,231,7
58,112,
32,261,5
36,205,5
24,241,
21,218,5
70,120,12
18,11,
34,240,7
22,249,
34,245,
30,251,6
65,122,12
39,255,
31,229,
33,268,
34,235,6
26,237,
18,20,
40,293,
36,240,
31,281,
64,120,12
26,244,6
40,279,
19,243,
27,237,7
15,10,2
18,22,2
17,18,
43,250,6
39,227,
20,11,
22,202,
15,21,2
30,251,7
68,112,
36,260,6
29,271,
34,263,
67,118,
12,5,
17,12,
40,262,
37,228,
62,122,
27,243,
71,118,12
31,248,
62,119,
32,213,
39,235,6
32,270,6
34,255,
36,247,
25,229,
28,270,
23,231,
62,119,
29,244,6
61,118,
39,222,
66,120,
40,274,
39,285,
67,119,
32,244,
57,118,12
18,11,
20,15,
27,273,6
34,208,
35,218,
42,200,
30,244,
64,120,
31,207,
34,236,6
34,241,
63,111,
34,253,
64,115,
64,113,
66,107,
64,124,
68,117,
23,242,
26,228,
61,118,
18,17,2
34,238,
25,227,
34,226,
64,116,12
36,261,6
36,239,
18,7,
34,244,
35,238,7
63,117,
38,253,
63,120,9
18,20,
29,204,
31,223,
65,118,
37,232,
36,246,6
26,227,
66,120,
26,237,
65,114,12
31,256,6
29,229,
26,227,
37,219,7
42,243,6
37,254,
27,243,7
62,121,
26,209,6
32,249,
66,114,
35,244,7
34,256,6
32,229,
27,267,
21,226,
27,206,
27,248,
32,274,
35,208,
20,12,2.5
27,212,
34,246,7
33,206,
33,239,6
64,127,
22,248,6
63,120,12
33,244,7
24,243,7
62,124,
29,241,5
18,27,2.5
18,15,
30,246,
32,227,
28,235,
64,120,
26,224,
28,211,6
39,215,
36,235,7
40,238,6
29,223,
63,112,
65,135,
26,210,
32,239,6
31,227,
60,118,
56,116,12
32,258,
36,217,
19,4,
26,232,
38,259,
29,219,6
24,252,5
34,223,
40,244,
29,245,
40,245,
36,224,
36,253,
66,111,9
36,244,6
27,259,
67,127,
26,261,
29,273,6
33,254,
28,247,
63,110,
63,117,12
36,236,
25,200,6
45,264,
39,248,6
21,17,2
17,19,
63,117,
18,16,3
32,237,
62,115,
68,124,
39,238,
33,226,
40,268,
25,255,
36,225,
31,259,
27,220,
27,258,7
66,120,
31,268,
27,232,7
24,239,
67,115,
29,261,
26,218,
65,111,
41,242,
27,213,
17,19,2
27,218,6
36,263,
31,245,
66,124,
30,232,6
26,232,
15,10,
34,246,
65,117,
32,252,
67,111,
33,251,
17,4,
33,248,
32,268,
41,216,
18,20,2
24,223,
63,116,
33,290,6
42,251,
36,221,
29,263,6
41,232,
26,263,
27,213,6
15,17,
66,121,
27,181,
33,243,
27,264,7
30,228,6
39,258,
62,125,
67,122,
42,263,
32,229,
33,252,6
16,15,
63,117,
39,250,7
33,211,
59,118,
31,231,
62,124,
39,232,
28,226,
36,243,
19,13,2
23,212,
27,206,7
26,224,
37,210,7
17,14,
68,114,8
35,256,6
66,120,
65,117,12
23,198,
32,203,6
60,121,
59,119,
18,14,2
33,256,7
18,208,
63,116,
30,250,
38,223,7
27,234,
66,117,
18,13,
63,123,
26,232,
65,116,12
26,255,6
61,117,
36,263,
64,116,
61,111,
39,235,
36,215,
31,228,7
36,219,
33,225,
39,250,6
18,10,2
31,251,
27,228,
30,258,
21,17,
32,273,
36,231,
38,219,
24,238,
64,118,
38,261,
31,233,6
28,218,
62,127,
42,231,6
20,245,
35,285,
30,248,4
40,233,5
31,227,
27,233,
62,120,
27,236,
32,227,6
38,231,6
18,21,
14,6,2
20,12,
20,8,2
64,124,12
31,237,
27,236,
66,117,8
16,21,
36,255,7
19,14,2
30,244,6
31,242,
28,221,
34,259,
32,260,
61,118,
33,235,
36,234,
63,118,
66,109,
30,262,
33,246,
30,238,
17,12,3
19,13,
17,17,
16,9,
30,243,
37,222,
17,8,
69,117,
29,250,4
38,239,
35,238,
36,275,7
37,232,
33,296,
49,222,6
25,235,
36,230,7
27,230,
61,123,
34,215,
17,17,3
62,118,
43,234,
30,224,6
18,18,2
31,268,
39,237,
35,259,6
16,12,2
29,210,6
69,122,12
64,124,
28,256,
22,242,
27,254,6
19,250,
31,221,
19,14,2.5
31,251,
30,208,
34,200,
23,240,
62,114,12
68,120,
36,244,
27,221,
30,248,
64,115,
64,123,12
16,17,2
33,233,
31,279,
16,22,
60,122,12
40,272,
27,256,6
23,15,2
32,259,6
34,240,
26,259,
17,16,2
27,239,
64,108,
36,278,7
36,254,10
32,209,
34,244,
36,211,
24,261,
16,14,2
17,17,
63,117,
37,225,
34,242,6
15,15,2
61,111,
67,120,12
35,280,
32,232,8
37,243,
63,119,
37,257,
17,17,3
30,227,
24,224,6
18,12,
14,8,2
33,230,6
31,226,
21,11,
35,255,
61,125,
33,209,
26,205,6
35,272,
33,224,
30,267,
65,127,
65,116,
37,247,
36,225,
29,252,6
67,115,12
67,124,
65,131,
16,224,
29,220,
65,114,
21,206,
31,238,
25,258,
37,232,
27,245,
14,12,
63,126,
34,254,
37,254,
38,236,
59,119,12
16,245,
42,177,
26,248,
31,262,6
34,229,
32,258,
33,244,
30,232,
42,213,6
25,253,
33,281,6
31,233,
32,232,
64,122,
21,255,6
33,242,6
34,255,
23,256,
67,112,
38,234,
68,120,
38,246,6
17,22,2
31,249,
31,230,
69,122,
38,246,7
35,273,
29,247,
20,19,2
18,19,2.5
36,221,
27,243,
31,235,5
31,265,
17,11,2
26,235,
19,16,
31,264,6
18,14,
32,212,
60,121,
35,269,
33,248,6
34,277,
65,116,
63,122,
31,230,
33,278,
25,299,
32,226,
46,248,
17,15,2.5
25,206,
17,13,
63,127,
22,27,
32,238,
33,267,
34,251,
33,211,
27,224,6
31,240,6
33,290,
32,208,
62,126,
63,122,
35,238,
27,237,7
16,12,
33,221,6
37,229,
32,222,
68,114,
60,121,
36,243,6
18,13,
28,264,
34,241,
34,205,7
28,217,7
33,199,
38,235,
38,215,
63,114,
35,230,
63,123,
63,122,
29,228,
33,243,
24,265,7
17,13,
29,231,
30,247,6
68,119,
15,15,2.5
62,117,
67,122,
59,126,12
34,268,
32,273,6
30,218,6
29,235,
33,257,
61,119,
36,248,
27,256,
25,243,
31,255,6
33,177,
28,220,
24,215,
32,261,
35,238,
28,254,
36,243,
14,16,2.5
65,123,
36,228,
17,19,
37,229,
30,262,
63,112,
33,229,
33,257,
29,228,6
28,260,
37,246,
17,7,2
32,242,
32,239,
37,224,7
32,216,
35,234,
30,290,
59,108,
26,218,
60,117,
32,252,
70,115,
32,224,
18,18,2
19,7,2
16,6,2
65,114,
67,119,
30,231,6
29,263,
35,256,6
18,24,
32,249,
37,236,6
33,232,
22,14,
66,123,
26,241,
31,255,
36,235,6
17,14,2
36,250,
35,274,
36,219,
19,17,2
30,215,
25,211,
30,257,
67,118,
34,225,
70,118,
35,215,
32,209,
19,25,
30,232,6
32,230,
16,7,2
32,285,
60,123,
39,275,
39,236,
40,247,7
60,121,
26,267,6
34,254,7
30,183,
30,257,
26,242,5
33,235,
33,226,
33,257,
30,260,
34,282,
33,203,
31,216,
64,119,
24,271,
36,239,
16,20,
37,300,
35,250,6
35,237,
29,237,
34,215,
61,116,
32,235,
36,263,6
38,254,
28,236,8
26,226,
62,117,
33,237,
35,270,6
68,126,
41,229,6
29,250,
27,210,
36,246,
17,12,2.5
34,218,
20,245,
36,242,
37,218,
31,242,
31,242,
61,130,
31,238,
26,238,
23,240,
66,120,
39,193,6
18,10,2.5
25,236,
15,17,
24,253,
32,259,
24,254,
26,245,
17,3,
29,233,
37,248,
29,204,
23,244,
31,213,
41,252,6
62,122,
29,267,
27,219,
65,119,
24,256,7
66,126,
30,236,
66,122,9
28,226,
21,247,
40,256,7
41,221,
33,246,
28,226,
62,122,
30,230,
38,263,
18,13,
69,123,
17,2,2
38,225,5
70,123,12
19,12,3
31,263,
13,13,2
39,223,
32,231,
37,235,
37,214,
36,236,
38,237,
23,234,6
68,113,12
60,122,12
66,122,
27,237,5
27,261,7
23,211,
38,227,
32,251,
23,242,
38,233,6
31,241,
64,130,12
34,217,
28,234,
35,212,
28,234,7
68,119,
34,218,6
36,266,
15,15,2
34,301,
34,241,
29,258,7
17,11,
28,272,
22,253,6
62,119,
32,221,
30,247,
16,16,2
32,232,
28,255,
35,217,
67,123,
26,251,6
67,121,
33,205,6
17,24,2
33,230,
46,215,
67,115,12
32,232,7
21,13,2.5
29,253,
39,265,
31,241,
69,123,
62,113,
68,114,
41,216,
28,191,
37,208,7
63,130,
64,116,
17,8,2
60,126,
65,121,12
67,124,
67,117,
40,196,7
63,122,
29,231,
65,118,12
60,119,12
31,221,
34,185,
25,293,
65,123,
61,117,12
30,296,
36,242,6
15,12,
68,119,
31,234,
33,232,6
34,220,
37,215,
28,227,
36,268,
17,16,
68,114,12
27,275,
27,239,7
28,239,7
30,225,
31,227,
31,274,
31,228,
61,120,
17,12,2
25,252,
43,227,
24,234,
17,20,
38,250,
35,230,
27,254,6
66,111,
14,7,2
29,245,
17,9,
36,269,
28,251,6
32,234,6
20,223,
35,196,
28,224,
38,248,
30,239,
67,116,11
62,115,
31,257,
31,215,
65,126,
32,200,
24,247,
25,259,
41,237,
38,255,
29,237,
36,223,
26,234,
17,13,2.5
20,311,6
31,239,6
28,222,6
34,227,
32,236,
63,114,12
15,14,
31,208,
60,117,12
47,210,
36,251,
27,264,7
33,232,
27,282,
37,253,
32,219,7
31,235,6
63,121,
35,289,
16,15,2
65,125,
19,8,2.5
33,263,
33,230,7
33,264,
17,4,2
37,284,
14,20,2.5
31,264,
69,114,12
17,14,
35,243,6
37,228,
63,116,
32,287,6
67,117,
14,19,
25,264,7
23,241,6
33,222,7
32,260,
27,237,
26,284,
65,112,
28,231,
40,235,
37,253,
63,120,
63,118,
45,223,
35,246,
30,219,
37,224,6
19,24,
32,221,
28,264,
62,119,
65,119,
45,241,6
28,258,
29,188,6
20,232,
66,124,
26,193,
31,238,
63,128,
30,215,
70,120,
31,219,
66,115,
25,255,6
33,224,
21,234,
32,276,
24,289,6
40,264,
30,257,
26,233,
18,21,2
26,219,6
60,120,
40,268,7
31,200,
16,17,
62,121,
16,8,
63,118,
34,241,
36,217,6
26,247,
26,250,
31,219,
27,214,
17,12,
32,218,
30,234,
68,123,12
32,279,
31,244,
30,246,
36,246,
17,13,
33,231,
31,229,5
30,252,
15,8,
66,112,
33,231,
20,17,3
32,226,
65,119,
21,232,7
38,205,
27,265,
41,226,
33,214,5
63,127,
36,245,
63,116,
30,221,
35,260,6
17,13,2
33,255,
20,230,7
65,117,
30,228,
63,123,
24,221,
65,131,
30,203,
24,235,
35,240,6
64,126,
12,14,2
27,264,
32,231,
28,259,
24,247,6
32,231,8
33,219,
17,19,2
27,220,
28,201,7
60,120,
36,237,
36,296,
27,184,
67,123,
39,273,
27,218,
28,256,
18,7,2.5
31,254,7
36,254,
29,256,
31,244,
33,232,7
33,238,
33,220,
26,225,
36,241,7
40,234,
23,255,6
29,239,6
35,247,7
32,256,
24,258,
27,282,
17,15,
28,247,
31,235,
62,121,
18,11,
39,254,
26,272,
35,251,
19,12,
26,263,
25,235,
31,223,
17,15,
30,236,
29,244,
33,226,
16,14,
61,121,
35,244,
61,126,
39,239,
62,117,
25,226,
40,252,6
17,14,2
63,121,
45,243,
42,220,
63,127,
62,116,
64,119,12
37,243,6
26,277,6
61,115,
17,9,
28,251,
28,194,
28,236,
30,252,
60,122,
26,223,
31,226,
38,289,
17,20,
31,192,
34,230,6
29,225,
26,267,
27,220,
22,247,
36,245,9
67,126,
21,7,
35,264,7
32,224,
32,274,
26,234,6
33,218,
35,202,
31,239,6
28,235,6
62,117,
16,6,
30,237,
63,125,
66,124,
24,213,
40,244,
28,268,7
21,20,2.5
18,16,
65,126,
70,117,
29,224,
18,13,
25,272,
37,243,
20,13,2
42,230,6
28,219,6
14,15,2
32,254,
31,248,
30,272,
27,273,
35,238,6
36,282,
40,239,6
41,250,
33,255,
34,206,
31,256,
29,238,6
63,112,
64,114,
32,227,7
24,245,
31,238,7
30,235,
64,119,
62,114,
33,235,
29,230,
36,265,
33,227,
68,120,
37,240,5
66,120,
63,116,
30,251,4
28,223,
24,217,
33,231,
40,247,
27,220,
28,250,
35,241,5
63,116,
29,231,
30,202,
30,250,
37,243,
27,227,6
30,272,
22,237,
34,244,
31,246,
32,235,
25,186,
34,233,
37,240,
38,276,
30,241,6
42,214,7
65,110,
30,246,
28,263,
30,246,
32,210,
20,221,
66,124,
47,224,
31,222,6
31,269,6
29,247,
65,120,12
36,261,
58,121,
33,249,7
34,217,
61,113,
32,263,
33,223,
32,210,
18,15,2
36,240,6
64,121,12
18,13,2
21,12,
27,255,
27,251,7
31,222,
36,214,
39,230,
29,254,5
18,215,
36,241,
15,15,
34,244,
63,113,12
30,270,5
16,8,2
27,264,
33,228,
59,114,
30,262,
37,236,6
27,249,6
29,225,
65,120,
31,252,
32,212,
20,16,
72,115,
24,272,
32,246,6
16,305,
24,237,
24,202,
36,254,
41,234,
24,279,6
66,128,
30,246,
26,248,
33,221,
34,261,
28,274,
30,237,
32,257,
28,241,6
14,7,3
36,261,
30,240,
27,256,
33,299,
20,240,7
30,239,
32,236,
28,266,
33,242,
17,6,2
37,219,
18,14,2
31,228,
35,241,
31,257,
35,252,
34,240,
36,247,
34,273,
13,12,
33,222,
22,239,
27,242,
62,115,12
17,13,
20,9,
17,10,
67,127,
63,116,
31,255,6
32,260,
15,9,
32,246,
69,121,12
30,251,
68,122,12
35,243,6
29,230,
40,210,
67,116,
34,301,
34,221,7
16,22,
28,248,
39,225,
21,231,
30,260,
15,238,
34,246,
39,268,
47,275,
33,247,
32,240,
69,118,12
65,130,12
27,220,
25,270,6
24,220,
17,12,3
37,256,7
33,232,
67,119,
34,253,
31,230,
72,121,
36,202,
67,121,
29,250,
69,119,
66,117,
28,226,
39,233,
38,276,6
67,121,
25,234,
21,7,2.5
62,117,
33,273,7
37,242,6
34,216,
29,234,5
18,19,3
23,209,6
65,126,
32,271,6
66,121,
28,235,
33,258,7
30,222,
63,128,12
31,265,
36,246,
34,229,
16,13,2
70,114,
70,123,
34,191,
33,231,
65,122,
33,240,6
29,234,
28,262,
30,230,6
65,121,
32,248,
38,251,
43,261,6
67,122,
34,230,
30,247,
34,261,
68,123,
30,247,
31,230,
39,257,6
68,129,
33,239,
29,272,
29,259,
29,262,
29,263,
28,213,
27,267,
64,132,
37,246,
67,110,
64,119,
35,272,
23,238,
19,266,
67,115,
38,247,6
69,120,
66,121,
68,120,
67,121,
40,264,
68,118,
30,273,
61,120,
32,239,
11,5,2
26,273,
30,214,
46,204,
32,273,
16,10,
30,222,6
62,119,
69,110,12
28,253,
39,213,7
14,18,2
66,123,
19,8,2
33,243,
65,120,
30,247,
65,120,12
35,254,
62,127,
32,237,
61,115,
37,256,
28,226,6
62,120,
17,20,
14,12,2
64,115,12
25,242,
64,115,
65,120,12
22,258,
30,261,
20,227,
29,240,
27,261,
63,114,
34,229,
30,223,
37,240,
34,215,6
22,246,
28,259,
26,275,
35,241,
27,216,
33,232,
32,265,
32,240,
31,245,6
37,241,7
27,242,
29,227,
22,211,
20,12,
16,6,
25,228,
32,248,
62,114,
61,121,8
31,228,4
73,123,
31,272,
39,262,6
38,232,
39,235,
66,116,
67,117,
23,259,
40,240,
31,242,
29,232,
68,124,
65,117,12
28,252,
35,252,
38,257,7
31,245,
60,127,
16,17,3
62,119,12
38,228,
66,114,
67,112,
24,273,6
35,247,6
27,192,
40,239,
19,11,
28,234,
30,236,
66,136,
33,217,
22,270,
63,123,
33,230,
32,224,
69,118,
32,259,
34,251,6
35,282,
32,267,
13,9,2
30,228,
32,273,
68,128,
33,249,5
14,9,
64,122,
68,130,
17,16,
65,121,
27,273,6
63,121,
18,18,2
65,118,
31,230,6
36,209,7
29,231,
64,118,12
18,16,3
30,240,
30,228,
30,249,
39,234,
31,252,7
65,121,
65,126,12
17,13,2
70,119,
64,127,
28,263,
35,264,
34,253,
34,233,
29,203,
26,219,7
27,224,7
18,12,
35,251,
16,17,
28,239,
35,240,
30,241,
61,122,
16,16,2
38,222,6
18,6,
31,233,7
64,110,
37,187,
62,116,
63,125,
31,228,
63,122,
33,241,
35,236,
28,241,
36,248,
16,26,2.5
32,254,7
62,122,
71,122,
20,25,2
67,124,
26,299,
29,223,
16,8,2
31,244,
30,256,6
67,121,
17,19,2
37,277,
31,244,6
27,220,6
16,17,
31,219,6
37,240,
16,15,2
36,207,
67,109,
68,123,
33,238,
21,23,
32,269,
33,265,
27,257,
16,17,3
36,275,
37,255,
38,218,
31,248,
36,201,
35,261,6
27,237,
30,249,7
68,113,12
29,261,
67,125,
22,234,
32,286,
33,224,
65,120,
62,121,12
29,252,
63,117,
25,230,
61,127,
21,264,
29,190,
25,241,
61,124,
37,228,
66,117,
65,121,
37,233,
64,121,
17,17,2.5
25,243,
23,13,
19,256,5
34,203,6
15,19,
35,217,
36,220,
29,240,
36,243,
28,259,
70,119,
18,7,2
33,236,
26,262,
24,258,
61,117,
37,229,
67,122,
21,220,
19,12,2
41,233,
33,263,
18,8,
39,257,
14,10,
27,231,
35,163,
28,241,
27,225,
37,219,
67,120,
65,129,12
66,120,8
65,109,
16,17,2.5
28,236,
33,229,7
28,258,
31,254,6
32,225,6
14,9,2
21,223,
42,253,8
64,122,
67,116,
29,291,
32,251,
32,249,
32,247,
26,246,
35,232,
62,119,
69,108,12
17,6,2.5
63,122,
35,249,
40,251,6
57,111,
31,262,7
36,233,
30,196,
36,251,
34,221,
17,11,
32,214,
29,212,
70,119,12
17,6,2
31,246,6
30,229,
65,121,
32,268,6
31,255,6
22,183,
31,212,
35,233,7
34,236,
34,205,
17,12,3
25,224,
65,115,
19,15,2
19,17,
16,13,
25,239,
31,294,
36,228,6
64,108,
39,191,
16,15,
28,243,7
64,114,
39,238,
28,257,7
32,214,
25,224,
37,257,
40,237,6
67,114,
71,123,12
17,13,
64,123,
26,238,
23,206,
40,217,6
35,264,
35,261,
29,218,
31,241,6
33,224,
30,230,
24,256,
23,210,6
63,117,
34,264,6
63,116,12
26,268,
40,250,7
30,221,
30,269,
43,236,
29,270,
66,117,
30,251,
28,277,
32,246,
36,271,7
65,132,
27,223,7
26,273,
25,249,
32,260,
16,16,
15,12,2.5
62,123,12
64,118,
28,255,
25,259,
29,282,
17,13,
36,205,
29,231,
26,280,
32,228,
68,120,12
35,268,
70,119,12
26,262,
62,117,
38,233,
25,241,6
35,232,
28,213,
40,221,
37,233,
25,253,
64,116,
32,231,
15,11,2.5
20,17,2.5
37,242,5
18,12,
34,232,7
26,225,
32,232,
36,223,
63,121,
64,118,
37,253,
16,21,
31,237,
21,267,
31,211,7
27,246,
31,221,
24,253,6
33,265,
19,16,
25,232,7
31,265,6
28,224,
29,250,6
17,15,
38,252,
59,116,
35,252,
20,18,
66,114,
67,124,
63,115,
64,114,
21,240,
67,120,
17,19,2.5
29,208,7
33,223,
32,211,
27,221,
38,198,6
32,235,
41,208,7
63,114,
17,22,
30,208,
22,18,
24,226,
19,12,2.5
19,17,
65,123,
16,19,
66,125,
65,123,
17,11,
39,245,
63,123,
20,19,
25,249,
41,261,
24,277,
28,203,7
60,116,
25,216,
33,267,
27,285,
35,215,6
29,247,
31,214,
28,266,
21,209,6
17,17,2
26,187,
25,215,
29,240,6
40,248,
14,13,
27,263,7
34,226,
33,261,
15,15,3
66,116,
20,9,2
31,242,6
31,252,
33,258,
36,233,7
67,116,
30,238,7
34,228,
26,249,6
30,265,6
33,296,
38,238,6
26,251,
34,225,
62,121,
63,131,
24,260,6
16,11,2
31,226,
15,11,
35,209,
28,214,
31,250,5
23,230,
26,262,6
66,128,
16,18,2.5
27,225,
40,246,6
67,122,
35,250,6
15,16,
67,128,11
25,248,6
16,12,4
36,253,7
20,267,6
43,228,6
15,21,2.5
32,240,7
66,120,
61,118,
18,14,2
31,236,
34,180,7
24,250,
32,224,
18,16,2
34,239,
34,220,
32,274,
34,251,
31,225,
32,248,
34,255,
34,217,7
62,115,
20,19,2
16,15,2.5
29,268,7
34,294,
38,210,
35,263,
40,225,
26,235,
33,233,
62,113,9
35,217,
65,118,12
70,126,
37,210,
29,242,
28,243,
17,15,
21,23,
29,249,7
41,253,
65,120,
16,22,2
34,223,6
66,111,
33,215,
31,220,
30,230,
26,261,5
29,247,
34,206,
35,248,
36,232,7
46,259,
33,190,6
33,266,
37,249,7
22,281,
27,229,
66,122,
24,246,
40,226,
22,236,
38,237,7
17,10,2
30,260,6
65,115,
68,112,
37,251,
36,261,
37,234,
23,230,
25,250,
35,228,5
20,11,2
33,264,
34,224,
31,241,6
32,240,
30,248,
33,258,6
43,225,7
63,119,
39,245,
29,223,
39,263,
18,12,
17,19,2
63,123,
43,282,
60,115,
63,116,
28,235,6
61,127,
35,212,
64,121,
30,226,
35,259,6
65,115,
64,115,12
32,306,
35,229,
66,121,
31,229,
18,16,
64,123,
65,120,
39,252,6
32,291,6
37,243,
35,218,
20,276,
44,256,6
26,279,
29,257,7
33,225,
36,279,
39,219,
35,223,6
28,230,6
39,275,
27,230,
34,267,6
68,122,
20,18,
41,237,
16,13,4
66,119,
28,219,
65,124,
25,243,
38,248,7
28,279,
29,210,
25,252,
29,232,
22,257,
65,118,
65,117,12
35,235,
13,17,2
31,242,
25,255,
35,215,
36,275,
35,248,7
17,2,2
36,278,
17,15,
28,253,
24,245,6
42,258,
30,226,
34,284,6
33,284,
37,239,6
23,241,6
36,245,
27,257,
36,231,
39,205,
33,254,
16,15,2
71,129,
67,123,
31,261,7
64,123,
64,110,12
34,211,
32,233,
61,127,
18,7,2
28,219,
27,237,
35,213,
45,259,
62,120,
62,119,
26,228,
19,5,2.5
26,239,
30,240,
67,117,
34,226,
32,243,
40,216,6
32,276,7
33,221,
41,252,
28,252,6
25,229,
31,204,
39,242,
65,117,
30,272,6
65,114,
35,206,
68,117,
38,230,6
29,222,
29,237,6
24,245,7
41,231,6
69,118,
64,114,
29,228,
34,252,
65,117,
37,247,
38,230,7
60,118,
61,119,
29,237,
27,226,
59,119,12
31,228,6
26,245,
41,238,
31,200,
26,223,
32,233,
26,213,
19,228,7
33,260,
38,265,
19,251,
29,246,
30,251,
29,247,7
29,245,
65,125,
38,234,
38,249,
67,122,
62,112,
37,235,6
65,118,
31,226,
64,120,12
24,247,
66,118,12
27,237,7
19,10,
31,244,7
37,265,
37,230,
43,223,
66,126,
38,254,
38,221,6
65,126,
22,226,
33,216,
35,232,
63,116,
63,116,
33,237,
28,244,
29,253,
33,251,
62,120,
61,113,
35,232,
33,239,
26,235,
47,233,
65,127,
42,227,
35,256,
38,262,7
27,252,
26,254,
42,226,8
18,21,
21,12,
36,275,
36,246,
18,26,3
30,259,
20,250,
28,209,
33,246,
66,111,
33,200,7
34,221,
27,251,
66,123,12
15,19,2
29,208,7
65,123,12
39,246,
32,237,
67,126,
31,247,
69,121,
24,284,6
34,256,7
63,115,12
38,260,
31,212,
17,6,2
28,255,
40,224,
19,237,
30,269,6
17,17,
30,233,
16,11,
35,254,
32,256,
28,238,4
38,237,
27,216,
67,115,
64,125,12
32,233,
36,247,
35,219,
63,114,
61,123,
29,209,6
41,261,
20,244,
23,234,
31,239,
26,224,
42,254,
24,229,
36,258,
65,116,
18,18,2
61,136,
64,123,
15,18,2
37,230,
32,246,
64,113,
29,227,
39,224,
36,231,7
33,255,
30,240,
29,220,
26,246,
40,244,
63,124,
30,263,
32,236,
33,213,6
33,235,7
63,115,
67,116,
27,228,
60,115,12
30,244,5
67,114,
31,256,7
34,240,
32,243,
69,119,12
33,236,
47,262,
23,225,6
29,240,
39,227,
31,226,
65,124,
64,124,
19,9,2
29,232,6
36,226,
24,221,
33,275,
29,232,7
37,219,
37,230,
30,236,
69,115,12
34,238,6
31,258,
35,216,
34,229,7
27,251,
33,257,6
64,122,
24,260,
28,293,
30,235,
40,252,5
30,212,
29,260,
64,123,
32,211,
32,244,6
27,287,5
27,212,
28,228,5
17,16,
40,230,
30,239,
17,15,2
33,236,
69,119,
15,17,3
40,246,
39,220,6
31,275,9
21,6,
29,249,
18,15,3
29,232,
12,232,6
32,279,6
66,121,
61,109,
18,17,2
41,280,
34,256,
66,113,12
21,247,
29,277,
31,253,7
19,14,
29,256,
37,268,
24,227,
68,111,
33,237,
63,131,
29,245,
32,239,
64,127,
35,252,
64,123,
35,257,
31,262,
33,231,
36,229,
34,204,6
27,236,
27,208,
32,230,6
32,271,7
30,248,
44,301,
35,243,
25,250,
34,232,
31,216,
33,211,
34,272,
42,226,
30,280,
64,121,
31,228,
65,113,
19,208,
66,126,12
17,18,2
31,234,
31,212,
28,256,
63,121,
30,248,7
68,120,
26,272,
67,122,
23,244,
30,196,
62,118,
37,248,
17,11,
32,203,7
34,252,
22,224,
22,12,2
29,240,
64,126,
42,240,
40,244,
62,119,12
26,254,
31,273,
66,111,
31,260,
37,205,
41,240,6
32,277,
34,244,
28,233,7
37,248,
24,273,6
36,236,7
18,11,
29,234,
28,250,
39,237,
39,241,
60,127,12
20,0,2
31,215,
38,225,
65,117,
40,228,
15,5,2
27,259,
32,278,6
39,241,6
25,235,
30,266,
63,115,
29,275,7
33,233,
28,202,
67,123,
17,14,2
34,240,
63,123,
26,244,
62,118,12
34,242,
62,118,
34,224,
22,219,
30,257,
25,235,
20,9,
30,258,
17,16,3
35,250,
33,269,
31,231,
16,5,2.5
33,233,
32,252,6
64,126,
61,118,
20,240,
31,227,
67,113,
14,13,3
29,246,7
27,242,6
33,207,
69,124,
17,17,
34,238,7
47,245,
65,113,
65,111,
30,220,
66,118,
26,235,
29,276,
65,119,
27,256,7
26,253,
36,240,6
17,228,
38,245,
31,252,
19,28,2
27,260,
35,234,6
61,114,
66,122,
28,218,
62,123,
42,241,
32,238,6
18,18,2
32,233,
26,196,
39,252,
64,121,
32,247,
18,17,4
36,267,
30,228,
29,257,5
24,254,
32,222,6
42,241,
28,215,
18,264,
30,236,
66,127,
43,246,
31,251,
40,233,
33,234,
28,245,5
25,253,6
63,116,
18,19,2
37,233,
29,242,
31,256,
36,241,
34,270,
15,15,2
40,241,
20,9,2
34,227,
64,109,
35,265,6
66,123,
18,10,2
35,201,
38,236,
43,235,
24,248,
17,19,
18,10,2
26,213,
19,220,6
19,18,2.5
25,241,
29,248,
35,251,
34,233,5
26,257,
33,219,
23,265,6
35,238,6
32,225,
63,126,12
32,222,
32,262,
27,248,
69,120,12
37,245,6
18,24,
26,262,
27,254,
65,111,12
41,252,
41,246,
17,21,2
65,124,
37,242,
65,105,
29,228,
62,119,
35,231,
31,207,7
34,258,
20,13,2.5
29,233,
65,127,
30,254,
34,202,7
20,11,
41,244,
38,229,
20,25,2
18,10,2
64,121,
33,266,
35,265,
28,236,
34,225,
33,226,
30,257,4
23,267,
18,20,3
24,231,
26,227,
29,241,
15,6,2
33,262,
34,240,
16,14,
20,19,2
30,228,
65,121,
28,245,6
35,255,8
18,15,
35,226,
24,237,
29,242,
70,116,
28,262,
35,275,
16,20,2
18,19,
34,219,
22,256,6
24,263,
39,201,
22,246,
66,136,
60,129,
27,255,7
28,186,
26,231,
29,248,
30,211,
37,264,
24,241,
18,19,2
38,220,
38,273,
15,7,
17,15,2
36,266,
21,276,6
33,250,
42,234,
21,260,7
22,236,7
41,223,6
30,233,
43,222,
35,255,6
15,15,3
27,241,
20,16,3
26,226,
32,216,
67,117,
24,249,
64,119,
18,24,3
65,119,
21,17,
30,253,6
29,232,
30,242,
26,229,
28,245,
17,201,
35,233,
16,13,
30,223,
26,268,
35,257,
30,200,
60,119,
38,222,6
29,225,
33,210,
29,270,
66,125,
30,215,6
28,246,
40,231,7
31,233,
38,230,
31,260,
28,231,6
31,276,6
27,220,
35,212,7
20,14,2.5
30,200,
24,253,
33,225,6
34,196,
37,215,7
41,265,
31,260,
32,222,
44,222,5
26,234,
31,259,
36,227,
33,208,5
19,11,2
24,195,6
35,273,6
34,218,
34,242,
40,207,
35,227,
22,11,
49,252,
34,254,6
59,122,
31,241,
25,265,
25,259,
68,115,
60,125,12
